Healthcare,Basic Materials,Financial,Consumer Defensive,Industrials,Technology,Consumer Cyclical,Real Estate,Communication Services,Energy,Utilities
A,AA,AAA,AACG,AAL,AAOI,AAP,AAT,ABLV,ACDC,ADN
AADI,ABAT,AAAU,ABEV,AAN,AAPL,ABG,ABR,ADD,AE,AEE
ABBV,ACNT,AACT,ABVE,AAON,ACIW,ABNB,ACR,ADV,AESI,AEP
ABCL,AEM,AADR,ACI,ABM,ACLS,ACEL,ACRE,AENT,AM,AES
ABEO,AG,AAM,ACU,ACA,ACMR,ACVA,ADC,AGAE,AMPY,AGR
ABOS,AGI,AAM-U,ADM,ACCO,ACN,ADNT,AEI,AMC,AMTX,ALCE
ABSI,ALB,AAME,AFRI,ACHR,ADBE,AEO,AFCG,AMCX,APA,ALE
ABT,ALTM,AAPB,AFYA,ACM,ADEA,AGS,AGNC,AMX,AR,AMPS
ABUS,ALTO,AAPD,AGRI,ACTG,ADI,AIEV,AHH,ANGH,ARLP,AQN
ABVC,AMLI,AAPR,AGRO,ADSE,ADP,AIN,AHR,ANGI,AROC,ARIS
ABVX,AMR,AAPU,AKO-A,ADT,ADSK,AKA,AHT,ANTE,BANL,ARTNA
ACAD,APD,AAPX,AKO-B,AEHL,ADTN,ALSN,AIRE,AREN,BATL,ATO
ACB,ARCH,AAPY,ALCO,AEIS,AEHR,ALV,AIV,ASST,BKR,AVA
ACCD,AREC,AAXJ,AMBO,AER,AEVA,AMBP,AJX,ATEX,BKV,AWK
ACET,ARMN,AB,ANDE,AERT,AEYE,AMCR,AKR,ATHM,BORR,AWR
ACHC,ASH,ABCB,APEI,AGCO,AFRM,AMWD,ALBT,ATNI,BP,AY
ACHL,ASIX,ABCS,AQB,AGFY,AGMH,AMZN,ALEX,ATUS,BPT,BEP
ACHV,ASM,ABEQ,ASAI,AGX,AGYS,AN,ALX,BAOS,BRN,BEPC
ACIU,ASPI,ABL,ATGE,AIR,AI,ANF,AMH,BATRA,BROG,BIP
ACLX,ASTL,ABNY,ATPC,AIRI,AIFF,AOUT,AMT,BATRK,BRY,BIPC
ACON,ATLX,ABTS,AVO,AIRJ,AILE,APTV,AOMR,BBGI,BSM,BKH
ACRS,AU,AC,BEDU,AIRT,AIOT,ARCO,APLE,BCE,BTE,BNRG
ACRV,AUMN,ACAB,BF-A,AIT,AIP,AREB,ARE,BHAT,BTU,CDZI
ACST,AUST,ACES,BF-B,AL,AIRG,ARHS,ARI,BIDU,CAPL,CEG
ACTU,AVD,ACGL,BG,ALG,AISP,ARKO,ARL,BILI,CCJ,CEPU
ACXP,AVNT,ACIC,BGS,ALGT,AIXI,ARKR,ARR,BLMZ,CEIX,CIG
ADAG,AXTA,ACIO,BJ,ALK,AKAM,AS,ASPS,BODI,CGBS,CMS
ADAP,BAK,ACNB,BOF,ALLE,AKTS,ASO,AVB,BREA,CHRD,CNP
ADCT,BCC,ACP,BRBR,ALPP,ALAB,ATAT,AXR,BZ,CHX,CPK
ADGM,BCPC,ACSI,BRCC,ALTG,ALAR,ATER,BDN,BZFD,CIVI,CREG
ADIL,BGLC,ACT,BRFH,AMBI,ALGM,AVY,BEKE,CABO,CKX,CTRI
ADMA,BHIL,ACTV,BRFS,AME,ALIT,AXL,BFS,CCG,CLB,CWCO
ADPT,BHP,ACV,BRID,AMPX,ALKT,AYRO,BHM,CCO,CLCO,CWEN
ADTX,BIOX,ACVF,BRLS,AMRC,ALLT,AZI,BHR,CCOI,CLMT,CWEN-A
ADUS,BON,ACWI,BSFC,AMSC,ALNT,AZO,BNL,CDLX,CLNE,CWT
ADVM,BTG,ACWV,BTI,AMTM,ALOT,BABA,BPYPN,CHR,CMBT,D
ADXN,BVN,ACWX,BTTR,AOS,ALRM,BALL,BPYPO,CHT,CNQ,DTE
AEMD,CAPT,ADFI,BUD,AP,ALTR,BALY,BRSP,CHTR,CNX,DUK
AEON,CBT,ADIV,BYND,APG,ALTS,BARK,BRT,CMCM,COP,EBR
AFMD,CC,ADME,CAG,APOG,AMAT,BBW,BRX,CMCSA,CQP,ED
AGEN,CDE,ADPV,CALM,APT,AMBA,BBWI,BXMT,CMLS,CRC,EDN
AGIO,CE,ADRT,CCEP,APWC,AMD,BBY,BXP,CNET,CRGY,EIX
AGL,CENX,ADVE,CCU,AQMS,AMKR,BC,CBL,CNK,CRK,ELLO
AHCO,CF,ADX,CDXC,ARC,AMPG,BDL,CBRE,CNSL,CRT,ELP
AHG,CGA,AEAE,CELH,ARCB,AMPL,BERY,CCI,CNVS,CSAN,ELPC
AIM,CGAU,AEF,CENT,ARLO,AMST,BFAM,CCS,CPOP,CTRA,ENIC
AIMD,CLF,AEG,CENTA,ARMK,ANET,BGFV,CDP,CRTO,CVE,ENLT
AIRS,CLW,AEMB,CHD,ARQ,ANSS,BGI,CHCI,CTV,CVI,ES
AKAN,CMC,AESR,CHEF,ARTW,AOSL,BH,CHCT,CUB,CVX,ETR
AKBA,CMCL,AETH,CHGG,ASC,APCX,BIRD,CHMI,CURI,DEC,EVRG
AKRO,CMP,AFB,CHSCL,ASLE,APH,BIRK,CIGI,CXDO,DHT,EXC
AKTX,CMT,AFBI,CL,ASPN,API,BJRI,CIM,DALN,DINO,FE
AKYA,CNEY,AFG,CLEU,ASR,APLD,BKE,CIO,DASH,DK,FLNC
ALC,CNL,AFIF,CLNN,ASTC,APP,BKNG,CLDT,DDI,DKL,FTS
ALDX,CPAC,AFJK,CLX,ASTE,APPF,BLMN,CLPR,DGLY,DLNG,GEV
ALEC,CRH,AFK,COCO,ATI,APPN,BNED,CMCT,DIS,DMLP,GNE
ALGN,CRKN,AFL,COE,ATKR,APPS,BOOT,CMTG,DJT,DNN,GWRS
ALGS,CRML,AFLG,COKE,ATMU,ARBB,BOWL,COLD,DLPN,DTI,HE
ALHC,CSTM,AFMC,COOT,ATRO,ARBE,BQ,COMP,DLX,DTM,HTOO
ALKS,CTGO,AFSM,COST,ATS,ARM,BRAG,CPT,DOYU,DVN,IDA
ALLK,CTVA,AFTY,COTY,ATSG,ARQQ,BRLT,CSGP,DRCT,DWSN,KEN
ALLO,CX,AGBA,COUR,ATXG,ARRY,BROS,CSR,EA,E,KEP
ALLR,DC,AGD,CPB,AVAV,ARW,BSET,CTO,EDR,EC,LNT
ALMS,DD,AGG,CTCX,AWI,ASAN,BTBD,CTRE,EDUC,EE,MGEE
ALNY,DNMR,AGGH,CVGW,AWX,ASGN,BURL,CUBE,EEX,EFXT,MNTK
ALRN,DOW,AGGS,DAO,AXON,ASML,BWA,CURB,EVC,EGY,MSEX
ALT,DRD,AGGY,DAR,AYI,ASNS,BWMX,CUZ,EVER,ENB,NEE
ALUR,ECL,AGIH,DDC,AZEK,ASTI,BYD,CWK,FENG,ENLC,NEP
ALVO,ECVT,AGIX,DDL,AZUL,ASTS,BYON,DBRG,FLNT,ENSV,NFE
ALVR,EGO,AGM,DEO,AZZ,ASUR,BZH,DEA,FNGR,EOG,NGG
ALXO,ELBM,AGMI,DG,B,ASX,BZUN,DEI,FOX,EONR,NI
ALZN,EMN,AGNG,DIT,BA,ASYS,CAAS,DHC,FOXA,EP,NJR
AMED,EMX,AGO,DLTR,BAER,ATCH,CAKE,DLR,FUBO,EPD,NRG
AMGN,EQX,AGOX,DNUT,BAH,ATEN,CAL,DOC,FVRR,EPM,NRGV
AMIX,ERO,AGQ,DOLE,BBCP,ATGL,CANG,DOUG,FWONA,EPSN,NWE
AMLX,ESI,AGQI,DSY,BBSI,ATOM,CARG,DRH,FWONK,EQNR,NWN
AMN,EVA,AGRH,DTCK,BBU,AUDC,CARS,DUO,FYBR,EQT,OGE
AMPH,EXK,AGZ,EAST,BCO,AUID,CART,DX,GAIA,ET,OGS
AMRN,EXP,AGZD,EDBL,BE,AUR,CASY,EFC,GAME,EU,OKLO
AMRX,FCX,AHLT,EDTK,BECN,AUUD,CATO,EGP,GCI,EXE,OPAL
AMS,FEAM,AHOY,EDU,BEEP,AVDX,CAVA,ELME,GDC,FANG,ORA
AMWL,FF,AHYB,EEIQ,BEST,AVGO,CBRL,ELS,GDEV,FET,OTTR
ANAB,FMC,AIA,EL,BGSF,AVNW,CCK,EPR,GENI,FLNG,PAM
ANEB,FMST,AIBD,ELF,BKYI,AVPT,CCL,EPRT,GETY,FRO,PCG
ANGO,FNV,AIBU,EPC,BLBD,AVT,CDRO,EQC,GGL,FTI,PCYO
ANIK,FRD,AIEQ,EWCZ,BLD,AWRE,CENN,EQIX,GIFT,FTK,PEG
ANIP,FSI,AIFD,FAMI,BLDE,AXIL,CHDN,EQR,GIGM,GEL,PNW
ANIX,FSM,AIG,FARM,BLDP,AXTI,CHH,ESBA,GMGI,GEOS,POR
ANL,FUL,AIHS,FC,BLDR,AZ,CHPT,ESRT,GOGO,GFR,PPL
ANNX,FURY,AIMBU,FDP,BLNK,AZPN,CHSN,ESS,GOOG,GLNG,RGCO
ANRO,GATO,AIO,FEDU,BOC,BAND,CHUY,EXPI,GOOGL,GLP,RNW
ANTX,GAU,AIPI,FIZZ,BOOM,BASE,CHWY,EXR,GRPN,GPOR,SBS
ANVS,GEVO,AIQ,FLO,BRC,BB,CJET,FBRT,GRVY,GPRK,SJW
AORT,GFI,AIRL,FMX,BTOC,BBAI,CLAR,FCPT,GSAT,GRNT,SO
APDN,GGB,AIRR,FRPT,BURU,BCAN,CMG,FOR,GTN,GTE,SPH
APGE,GLDG,AITR,FTLF,BV,BCOV,CNNE,FPH,GXAI,HAL,SR
APLM,GLT,AIVI,GHC,BW,BDC,CNTY,FPI,HAO,HES,SRE
APLS,GOLD,AIVL,GIS,BWEN,BEEM,COLM,FR,HOFV,HESM,STEM
APLT,GORO,AIYY,GNLN,BWLP,BELFB,COOK,FRPH,HRYU,HLX,SUUN
APM,GPRE,AIZ,GNS,BWMN,BHE,CPHC,FRT,HUYA,HNRG,SWX
APRE,GRFX,AJAN,GO,BWXT,BIGC,CPNG,FSP,IAC,HP,TAC
APTO,GROY,AJG,GOTU,BXC,BILL,CPRI,FSV,IAS,HPK,TLN
APVO,GSM,AJUL,GROV,BYRN,BKKT,CPS,FTHM,ICLK,HUSA,TVE
APYX,GTI,ALAI,GSUN,CAAP,BKSY,CREV,FVR,IDT,IEP,TXNM
AQST,GURE,ALCY,GV,CACO,BKTI,CRI,GBR,IHRT,IMO,UGI
ARAY,HBM,ALF,HAIN,CAE,BL,CRMT,GIPR,IHS,IMPP,UTL
ARCT,HCC,ALFUU,HCWC,CAR,BLBX,CROX,GLPI,IMAX,INDO,VGAS
ARDT,HDSN,ALL,HELE,CARR,BLIN,CRWS,GMRE,IPG,INSW,VST
ARDX,HL,ALLY,HFFG,CASS,BLKB,CSV,GNL,IQ,INVX,WAVE
ARGX,HLP,ALRS,HIMS,CAT,BLND,CTHR,GOOD,IRDM,KGEI,WEC
ARMP,HMY,ALSA,HLF,CBAT,BLZE,CTNT,GPMT,IZEA,KGS,WTRG
ARQT,HUDI,ALTI,HNST,CBZ,BMBL,CTRN,GTY,JFIN,KLXE,XEL
ARTL,HUN,ALTL,HRL,CCEC,BMI,CUK,GYRO,KIND,KMI,YORW
ARTV,HWKN,ALTY,HSY,CCTG,BMR,CULP,HASI,KORE,KNTK,
ARVN,HYMC,ALUM,IBG,CDLR,BMTX,CURV,HHH,KRKR,KOS,
ARWR,IAG,AMAL,IH,CDRE,BNAI,CVCO,HIW,KT,KRP,
ASMB,IAUX,AMAX,IMKTA,CDTG,BNZI,CVEO,HOUS,KUKE,LB,
ASND,ICL,AMBC,INGR,CEAD,BOSC,CVGI,HPP,LBRDA,LBRT,
ASRT,IDR,AMDL,IPAR,CECO,BOX,CVNA,HR,LBRDK,LEU,
ASTH,IE,AMDS,ISPR,CETY,BOXL,CWH,HST,LBRJ,LNG,
ATAI,IFF,AMDY,JBSS,CHNR,BR,CYD,HTIBP,LBTYA,LPG,
ATEC,INHD,AMG,JJSF,CHRW,BRZE,CZR,IHT,LBTYK,MARPS,
ATHA,IONR,AMID,JVA,CISS,BSY,DADA,IIPR,LCFY,MGY,
ATHE,IOSP,AMJB,JZ,CIX,BTCM,DAN,ILPT,LDWY,MMLP,
ATIP,IPI,AMLP,K,CLH,BTCT,DBGI,INN,LEE,MNR,
ATNF,IPX,AMNA,KAVL,CLIK,BTDR,DBI,INVH,LFLY,MPC,
ATNM,ITP,AMND,KDP,CLIR,CACI,DDS,IRM,LGF-A,MPLX,
ATOS,ITRG,AMOM,KHC,CLWT,CALX,DECK,IRS,LGF-B,MRC,
ATR,JCTCF,AMP,KLG,CMCO,CAMT,DENN,IRT,LILA,MRO,
ATRA,JHX,AMPD,KMB,CMI,CAN,DESP,IVR,LILAK,MTDR,
ATRC,KALU,AMRK,KO,CMPO,CCCS,DFH,IVT,LLYVA,MTR,
ATXI,KGC,AMSF,KOF,CMPR,CCRD,DHI,JBGS,LLYVK,MUR,
ATXS,KNF,AMTB,KR,CMRE,CCSI,DIBS,JLL,LUMN,MVO,
ATYR,KOP,AMTD,KVUE,CNH,CDNS,DIN,JOE,LVO,MXC,
AUGX,KRO,AMTR,LANC,CNI,CDW,DKNG,KIM,LYV,NAT,
AUNA,KWR,AMUB,LAUR,CNM,CETX,DKS,KRC,MANU,NBR,
AUPH,LAAC,AMZA,LFVN,CODA,CEVA,DLTH,KREF,MAX,NC,
AURA,LAC,AMZD,LGCY,CODI,CFLT,DOGZ,KRG,MCHX,NCSM,
AUTL,LGO,AMZP,LINC,CP,CGNT,DOOO,KW,MCS,NE,
AVAH,LIN,AMZU,LMNR,CPA,CGNX,DORM,LADR,MDIA,NEXT,
AVBP,LITM,AMZY,LND,CPRT,CHKP,DPZ,LAMR,META,NFG,
AVDL,LODE,AMZZ,LOCL,CR,CIEN,DRI,LAND,MGNI,NGL,
AVGR,LOMA,ANEW,LOPE,CRAI,CINT,DRVN,LFT,MGOL,NGS,
AVIR,LOOP,ANGL,LQR,CRESY,CISO,DSS,LINE,MMV,NINE,
AVNS,LVRO,ANSC,LRN,CRGO,CLBT,DTC,LOAN,MNY,NOA,
AVTE,LWLG,ANY,LSF,CRS,CLFD,DXLG,LPA,MOMO,NOG,
AVTR,LXU,AOA,LW,CSL,CLMB,DXYN,LRE,MPU,NOV,
AVTX,LYB,AOCT,LWAY,CSTE,CLPS,EAT,LRHC,MSGM,NR,
AVXL,LZM,AOD,LXEH,CSWI,CLRO,EBAY,LSEA,MSGS,NRP,
AWH,MAG,AOHY,MAMA,CSX,CLS,ECDA,LTC,MTCH,NRT,
AXDX,MATV,AOK,MDLZ,CTAS,CLVT,ECX,LXP,MYPS,NVGS,
AXGN,MEOH,AOM,MGPI,CTOS,CMBM,EFOI,MAA,NCMI,NXE,
AXNX,MERC,AON,MKC,CTRM,CMTL,EJH,MAC,NEXN,OBE,
AXSM,METC,AOR,MNST,CVLG,CNDT,ELA,MAYS,NFLX,OII,
AYTU,MLM,AOTG,MO,CVR,CNTM,EM,MDJH,NIPG,OIS,
AZN,MOS,APAM,MSS,CVU,CNXC,ESCA,MDRR,NRDS,OKE,
AZTA,MP,APCB,MTEX,CVV,CNXN,ETD,MDV,NTES,OVV,
AZTR,MSB,APIE,MYND,CW,COHR,ETSY,MFA,NWS,OXY,
BACK,MT,APLY,NAII,CWST,COHU,EVGO,MITT,NWSA,PAA,
BAX,MTA,APMU,NAPA,CXT,COMM,EVRI,MLP,NXST,PAGP,
BBIO,MTAL,APO,NATR,CXW,CORZ,EVTV,MMI,NYT,PARR,
BBLG,MTRN,APOC,NCRA,CYRX,CPAY,EXPE,MPW,OB,PBA,
BCAB,MTUS,APRD,NGVC,DAC,CPSH,EXTO,MRNO,OMC,PBF,
BCAX,MTX,APRH,NOMD,DAL,CPTN,EYE,NEN,ONFO,PBR,
BCDA,MUX,APRJ,NUS,DCI,CRCT,EZGO,NHI,OPRA,PBR-A,
BCLI,NAK,APRQ,NUZE,DCO,CRDO,F,NLOP,ORAN,PBT,
BCRX,NB,APRT,NWL,DE,CREX,FAT,NLY,PARA,PDS,
BCTX,NEM,APRW,OLLI,DFLI,CRM,FFIE,NMRK,PERI,PED,
BCYC,NEU,APRZ,OTLY,DLB,CRNC,FGI,NNN,PGRU,PFIE,
BDRX,NEWP,APUE,PAVS,DLHC,CRNT,FIGS,NREF,PHI,PHX,
BDSX,NEXA,APXI,PEP,DNOW,CRSR,FIVE,NSA,PINS,PNRG,
BDTX,NFGC,AQU,PFGC,DOV,CRUS,FL,NTST,PLAY,PR,
BDX,NG,AQWA,PG,DPRO,CRWD,FLL,NXDT,PLTK,PRT,
BEAM,NGD,ARB,PM,DRS,CSCO,FLUT,NXRT,PODC,PSX,
BEAT,NGVT,ARBK,POST,DSGR,CSGS,FLWS,NYC,PSO,PTEN,
BFLY,NITO,ARCC,PPC,DSX,CSIQ,FLXS,NYMT,QMMM,PTLE,
BFRG,NMG,ARCM,PRDO,DXPE,CSLR,FLYE,O,QNST,PUMP,
BFRI,NTIC,ARDC,PRMW,DY,CSPI,FND,OHI,RBBN,PVL,
BGM,NTR,AREA,PSMT,EAF,CTLP,FNKO,OLP,RBLX,PXS,
BGNE,NUE,ARES,QSG,EBF,CTM,FORD,OMH,RCI,RCON,
BHC,NVA,ARGT,RAY,ECO,CTS,FOSL,ONL,RDCM,REI,
BHVN,NVL,ARKA,RGF,EDRY,CTSH,FOXF,OPAD,RDDT,REPX,
BIAF,NWGL,ARKB,RKDA,EFSH,CVLT,FRSX,OPEN,RDI,RES,
BIIB,ODC,ARKC,RLX,EFX,CWAN,FRZA,OPI,ROKU,RIG,
BIO,ODV,ARKD,RMCF,EH,CXAI,FTDR,ORC,RSVR,RNGR,
BIOA,OEC,ARKF,SAM,EHGO,CXM,FTEL,OUT,SBGI,RRC,
BIOR,OLN,ARKG,SANW,ELVA,CYBR,FUN,OZ,SCHL,SBR,
BIVI,OMEX,ARKK,SBEV,EME,CYN,FWRG,PCH,SCOR,SD,
BJDX,OR,ARKQ,SDOT,EML,DAIO,GAMB,PDM,SEAT,SDRL,
BKD,ORGN,ARKW,SENEA,EMR,DAKT,GAN,PEB,SGA,SEI,
BLCO,ORLA,ARKX,SFM,ENG,DATS,GAP,PECO,SHEN,SGU,
BLFS,PAAS,ARKY,SHOT,ENOV,DAVA,GCO,PGRE,SIFY,SHEL,
BLRX,PKX,ARKZ,SISI,ENR,DAVE,GDEN,PINE,SIRI,SJT,
BLTE,PLG,ARLU,SJM,ENS,DAY,GDHG,PK,SJ,SLB,
BLUE,PLL,AROW,SKIL,ENVX,DBD,GEF,PKST,SKLZ,SLNG,
BMEA,PPG,ARP,SKIN,EOSE,DBX,GENK,PLD,SKM,SM,
BMRA,PPTA,ARTY,SMPL,EPAC,DCBO,GES,PLYM,SLE,SMC,
BMRN,PRM,ARVR,SNAX,EPOW,DDD,GGR,PMT,SNAL,SND,
BMY,PZG,ASA,SNDL,ERII,DDOG,GHG,PSA,SNAP,SOC,
BNGO,RDUS,ASB,SOWG,ERJ,DELL,GIII,PSTL,SOGP,STNG,
BNOX,RETO,ASEA,SPB,ESAB,DFIN,GIL,PW,SOHU,STR,
BNR,REX,ASET,SPTN,ESEA,DGII,GLBE,RC,SPHR,SU,
BNTC,RGLD,ASG,STG,ESGL,DHX,GM,RDFN,SPOT,SUN,
BNTX,RIO,ASGI,STKH,ESLT,DIOD,GME,REAX,SSP,SWN,
BOLD,RPM,ASHR,STKL,ESOA,DJCO,GNTX,REFI,SSTK,TALO,
BOLT,RS,ASHS,STRA,ESP,DLO,GOEV,REG,STBX,TBN,
BPMC,RYAM,ASIA,STZ,ETN,DM,GOLF,REXR,STGW,TDW,
BPTH,SA,ASMF,SYY,EVEX,DMRC,GOOS,RFL,SWAG,TELL,
BRKR,SAND,ASRV,TAL,EVI,DOCN,GORV,RHP,T,TEN,
BRNS,SBSW,ATEK,TANH,EVLV,DOCU,GPC,RITM,TBLA,TGS,
BRTX,SCCO,ATFV,TAP,EVTL,DOMO,GPI,RLJ,TC,TK,
BSX,SCL,ATHS,TBBB,EXPD,DOX,GPK,RMAX,TDS,TNK,
BTAI,SEED,ATIF,TCTM,EXPO,DQ,GRBK,RMR,TEF,TOPS,
BTMD,SGML,ATLC,TGT,FA,DSGX,GRWG,ROIC,TEO,TPET,
BTSG,SHW,ATLO,THS,FAST,DSP,GT,RWT,TGNA,TPL,
BVS,SID,ATMC,TPB,FBGL,DSWL,GTIM,RYN,THRY,TRGP,
BWAY,SILV,ATMP,TR,FBIN,DT,GTX,SACH,TIGO,TRMD,
BYSI,SIM,AUB,TSN,FBYD,DTSS,H,SAFE,TIMB,TRP,
CABA,SKE,AUBN,TWG,FCEL,DTST,HAS,SBAC,TKC,TS,
CADL,SLI,AUGM,UDMY,FCN,DUOL,HBB,SBRA,TKO,TTE,
CAH,SLSR,AUGP,UG,FDX,DUOT,HBI,SDHC,TLK,TTI,
CALC,SLVM,AUGT,UL,FELE,DV,HD,SEG,TME,TXO,
CANF,SMG,AUGU,UNFI,FER,DXC,HDL,SELF,TMUS,UEC,
CAPR,SMID,AUGW,USFD,FERG,EB,HEPS,SEVN,TOON,UGP,
CARA,SNES,AUGZ,USNA,FIP,EBON,HGV,SGD,TRUE,URG,
CARM,SQM,AUMI,UTI,FIX,EEFT,HLLY,SHO,TRUG,UROY,
CASI,SSD,AUSF,UTZ,FLAI,EGAN,HLT,SILA,TRVG,USAC,
CATX,SSL,AVAL,UVV,FLR,EGHT,HMC,SITC,TSQ,USEG,
CBUS,SSRM,AVDE,VFF,FLS,ELSE,HOFT,SKT,TTGT,UUUU,
CCCC,STLD,AVDS,VGR,FLUX,ELTK,HOG,SLG,TTWO,VAL,
CCEL,SUM,AVDV,VINE,FLX,ELWS,HOUR,SOHO,TU,VET,
CCLD,SUZ,AVEE,VITL,FLYX,EMKR,HOV,SPG,TV,VIST,
CCM,SVM,AVEM,VLGEA,FORR,ENFN,HRB,SQFT,TZOO,VIVK,
CCRN,SXC,AVES,VSTA,FPAY,ENPH,HSAI,SRG,UCL,VLO,
CDIO,SXT,AVGE,WAFU,FREY,ENTG,HTHT,STAG,UONE,VNOM,
CDMO,TECK,AVGV,WALD,FSS,ENV,HTLM,STHO,UONEK,VOC,
CDNA,TFPM,AVGX,WEST,FSTR,EPAM,HVT,STRS,UPWK,VRN,
CDT,TGB,AVIE,WILC,FTAI,ERIC,HWEP,STRW,UPXI,VTLE,
CDTX,TGLS,AVIG,WMK,FTEK,ESE,HWH,STWD,USM,VTNR,
CDXS,THM,AVIV,WMT,FWRD,ESTC,HYLN,SUI,VEON,VTOL,
CELC,TMC,AVK,WVVI,GASS,ETWO,HYZN,SUNS,VIV,VTS,
CELU,TMQ,AVLC,XXII,GATX,EVCM,HZO,SVC,VOD,WDS,
CELZ,TROX,AVLV,YQ,GAUZ,EVTC,IBP,TCI,VSME,WES,
CERO,TRX,AVMA,YSG,GBX,EXFY,IGT,TRNO,VZ,WFRD,
CERS,TSE,AVMC,ZVIA,GD,EXLS,IHG,TRTX,WB,WHD,
CERT,TX,AVMU,,GE,EXTR,INSE,TWO,WBD,WKC,
CGC,UAMY,AVMV,,GENC,EZFL,INTG,UDR,WIMI,WMB,
CGEM,UAN,AVNM,,GEO,FAAS,INVZ,UE,WLY,WTI,
CGEN,UFPI,AVNV,,GFAI,FARO,IP,UHT,WMG,WTTR,
CGON,USAP,AVRE,,GFF,FCUV,IPW,UK,WOW,XOM,
CGTX,USAS,AVSC,,GFL,FEBO,IRBT,UMH,WPP,XPRO,
CHE,USAU,AVSD,,GGG,FEIM,ISPO,UNIT,YELP,YPF,
CHEK,USGO,AVSE,,GHM,FFIV,IVP,VICI,YY,,
CHRO,USLM,AVSF,,GIC,FI,JACK,VINO,Z,,
CHRS,VALE,AVSU,,GIFI,FICO,JAKK,VNO,ZD,,
CI,VGZ,AVUS,,GLBS,FIS,JBDI,VRE,ZDGE,,
CING,VHI,AVUV,,GLDD,FIVN,JD,VTMX,ZG,,
CJJD,VMC,AVXC,,GLXG,FKWL,JFBR,VTR,ZH,,
CKPT,VOXR,AWAY,,GMS,FLEX,JILL,WELL,,,
CLDI,VZLA,AWEG,,GNK,FLYW,JL,WETH,,,
CLDX,WDFC,AWF,,GNRC,FN,JMIA,WHLR,,,
CLGN,WFG,AWP,,GOGL,FORM,JOUT,WPC,,,
CLLS,WLK,AX,,GP,FORTY,JRSH,WSR,,,
CLOV,WLKP,AXP,,GPUS,FOUR,JWEL,WY,,,
CLPT,WPM,AXS,,GRC,FRGE,JWN,XHG,,,
CLRB,WRN,AZTD,,GRNQ,FRGT,JXJT,XHR,,,
CLSD,WS,BAB,,GSL,FROG,JZXN,XIN,,,
CLYM,WWR,BABO,,GTEC,FRSH,KAR,,,,
CMAX,X,BABX,,GTES,FSLR,KBH,,,,
CMMB,XPL,BAC,,GTLS,FSLY,KEQU,,,,
CMND,ZEUS,BACA,,GVA,FTCI,KFS,,,,
CMPS,ZKIN,BAFN,,GVH,FTFT,KIRK,,,,
CMPX,,BALI,,GWAV,FTNT,KMX,,,,
CMRX,,BALT,,GWH,FTV,KNDI,,,,
CNC,,BAM,,GWW,G,KRT,,,,
CNMD,,BAMA,,GXO,GB,KRUS,,,,
CNSP,,BAMB,,HAFN,GBTG,KSS,,,,
CNTA,,BAMD,,HAYN,GCT,KTB,,,,
CNTB,,BAMG,,HAYW,GCTS,KXIN,,,,
CNTX,,BAMO,,HEES,GDDY,LAD,,,,
COCH,,BAMU,,HEI,GDS,LAKE,,,,
COCP,,BAMV,,HEI-A,GDYN,LANV,,,,
CODX,,BAMY,,HHS,GEN,LAZR,,,,
COEP,,BANC,,HI,GFS,LCID,,,,
COGT,,BANF,,HIHO,GIB,LCII,,,,
COLL,,BANR,,HII,GILT,LCUT,,,,
CON,,BANX,,HLIO,GLE,LE,,,,
COO,,BAP,,HLMN,GLOB,LEA,,,,
COR,,BAPR,,HNI,GLW,LEG,,,,
CORT,,BAR,,HON,GMM,LEGH,,,,
COSM,,BATT,,HOVR,GNSS,LEN,,,,
COYA,,BAUG,,HQI,GPN,LESL,,,,
CPHI,,BAYA,,HRI,GPRO,LEVI,,,,
CPIX,,BBAG,,HSHP,GRAB,LGCB,,,,
CPRX,,BBAR,,HSII,GRMN,LGIH,,,,
CRBP,,BBAX,,HSON,GRND,LI,,,,
CRBU,,BBBI,,HTCO,GRRR,LIND,,,,
CRDF,,BBBL,,HTLD,GSIT,LITB,,,,
CRDL,,BBBS,,HTZ,GTLB,LIVE,,,,
CRGX,,BBC,,HUBB,GVP,LKQ,,,,
CRIS,,BBCA,,HUBG,GWRE,LNW,,,,
CRL,,BBCB,,HURC,HCKT,LOBO,,,,
CRMD,,BBD,,HURN,HCP,LOCO,,,,
CRNX,,BBDC,,HWM,HEAR,LOGC,,,,
CRON,,BBEM,,HXL,HIMX,LOT,,,,
CRSP,,BBEU,,HY,HKD,LOVE,,,,
CRVO,,BBH,,HYFM,HKIT,LOW,,,,
CRVS,,BBHY,,ICFI,HLIT,LQDT,,,,
CSBR,,BBIB,,ICON,HOLO,LTH,,,,
CSCI,,BBIN,,IESC,HPAI,LTRY,,,,
CSTL,,BBIP,,IEX,HPE,LULU,,,,
CTKB,,BBJP,,IIIN,HPQ,LUXH,,,,
CTLT,,BBLB,,ILAG,HTCR,LVLU,,,,
CTMX,,BBLU,,INTJ,HUBC,LVS,,,,
CTNM,,BBMC,,INVE,HUBS,LVWR,,,,
CTSO,,BBN,,IPDN,IBEX,LZB,,,,
CTXR,,BBP,,IPWR,IBM,M,,,,
CUE,,BBRE,,IR,IBTA,MAMO,,,,
CUPR,,BBSA,,ISSC,ICG,MAR,,,,
CUTR,,BBSB,,ITT,ICHR,MAT,,,,
CVAC,,BBSC,,ITW,IDAI,MBC,,,,
CVKD,,BBUC,,IVAC,IDCC,MBLY,,,,
CVM,,BBUS,,IVDA,IDN,MBUU,,,,
CVRX,,BBVA,,J,IFBD,MCD,,,,
CVS,,BCAL,,JBHT,III,MCFT,,,,
CYBN,,BCAT,,JBI,IIIV,MCRI,,,,
CYCC,,BCBP,,JBLU,IMMR,MCW,,,,
CYCN,,BCD,,JBT,IMOS,MED,,,,
CYH,,BCDF,,JCI,IMTE,MELI,,,,
CYTH,,BCG,,JCSE,IMXI,MGA,,,,
CYTK,,BCH,,JELD,INDI,MGIH,,,,
CYTO,,BCHP,,JOB,INFA,MGM,,,,
DARE,,BCI,,JOBY,INFN,MHK,,,,
DAWN,,BCIL,,JUNE,INFY,MHO,,,,
DBVT,,BCIM,,JYD,INLX,MI,,,,
DCGO,,BCML,,KAI,INOD,MLCO,,,,
DCTH,,BCOW,,KBR,INSG,MLKN,,,,
DERM,,BCS,,KE,INST,MLR,,,,
DGX,,BCSA,,KELYA,INTA,MMA,,,,
DH,,BCSF,,KEX,INTC,MMYT,,,,
DHAI,,BCUS,,KFRC,INTT,MNRO,,,,
DHR,,BCV,,KFY,INTU,MNSO,,,,
DMAC,,BCX,,KITT,INTZ,MOD,,,,
DNA,,BDCX,,KMT,INUV,MODG,,,,
DNLI,,BDCZ,,KNOP,IONQ,MOGU,,,,
DNTH,,BDEC,,KNX,IOT,MOND,,,,
DOCS,,BDGS,,KODK,IPGP,MOV,,,,
DOMH,,BDIV,,KRNT,ISDR,MPAA,,,,
DRIO,,BDJ,,KSCP,IT,MPX,,,,
DRMA,,BDMD,,KTOS,ITI,MRM,,,,
DRRX,,BDRY,,KWE,ITRI,MSC,,,,
DRTS,,BDVG,,LASE,ITRN,MSGE,,,,
DRUG,,BEDZ,,LECO,IZM,MTH,,,,
DSGN,,BEEZ,,LEV,JAMF,MTN,,,,
DTIL,,BELT,,LHX,JBL,MULN,,,,
DVA,,BEMB,,LICN,JDZG,MUSA,,,,
DVAX,,BEN,,LICY,JFU,MYE,,,,
DXCM,,BENF,,LII,JG,MYTE,,,,
DXR,,BERZ,,LILM,JKHY,NAAS,,,,
DYAI,,BETE,,LIQT,JKS,NATH,,,,
DYN,,BETH,,LLAP,JNPR,NCI,,,,
EBS,,BETR,,LMB,JNVR,NCL,,,,
ECOR,,BETZ,,LMT,JTAI,NCLH,,,,
EDAP,,BFAC,,LNKS,KARO,NCNC,,,,
EDIT,,BFC,,LNN,KC,NDLS,,,,
EDSA,,BFEB,,LNZA,KD,NEGG,,,,
EGRX,,BFH,,LOAR,KEYS,NHTC,,,,
EHAB,,BFIN,,LPX,KLAC,NIO,,,,
EHC,,BFIX,,LSH,KLIC,NIU,,,,
EKSO,,BFK,,LSTR,KLTR,NKE,,,,
ELAB,,BFOR,,LTBR,KN,NTRP,,,,
ELAN,,BFST,,LTM,KNW,NTZ,,,,
ELDN,,BFZ,,LUNR,KOPN,NVFY,,,,
ELEV,,BGB,,LUV,KOSS,NVR,,,,
ELMD,,BGC,,LXFR,KPLT,NVVE,,,,
ELTX,,BGH,,LZ,KSPI,NWTN,,,,
ELUT,,BGIG,,MAN,KTCC,OCG,,,,
ELV,,BGLD,,MAS,KULR,OCTO,,,,
ELVN,,BGR,,MATW,KVHI,ODP,,,,
EMBC,,BGRN,,MATX,KVYO,OESX,,,,
ENGN,,BGRO,,MDU,LAES,OI,,,,
ENLV,,BGT,,MEC,LASR,OLPX,,,,
ENSC,,BGX,,MEG,LAW,ONDR,,,,
ENSG,,BGY,,MESA,LDOS,ONEW,,,,
ENTA,,BHAC,,MG,LDTC,ONON,,,,
ENTO,,BHB,,MGRC,LEDS,ORLY,,,,
ENTX,,BHF,,MHH,LFUS,OSW,,,,
ENVB,,BHK,,MIDD,LGCL,OXM,,,,
ENZ,,BHLB,,MIR,LGL,PACK,,,,
EOLS,,BHRB,,MLI,LGTY,PAG,,,,
EPIX,,BHV,,MMM,LIDR,PATK,,,,
EPRX,,BHYB,,MMS,LIF,PBPB,,,,
EQ,,BIB,,MNTS,LINK,PDD,,,,
ERAS,,BIBL,,MNTX,LITE,PENN,,,,
ERNA,,BIGZ,,MOG-A,LKCO,PETZ,,,,
ESLA,,BIL,,MRCY,LOGI,PEV,,,,
ESPR,,BILD,,MRTN,LPL,PHIN,,,,
ESTA,,BILS,,MSA,LPSN,PHM,,,,
ETNB,,BILZ,,MSM,LPTH,PII,,,,
ETON,,BINC,,MTEN,LRCX,PIK,,,,
EUDA,,BINV,,MTRX,LSAK,PKG,,,,
EVAX,,BIS,,MTW,LSCC,PLBY,,,,
EVGN,,BIT,,MTZ,LSPD,PLCE,,,,
EVH,,BITB,,MVST,LTRX,PLNT,,,,
EVO,,BITC,,MWA,LUNA,PLOW,,,,
EVOK,,BITF,,MWG,LYFT,PLYA,,,,
EW,,BITI,,MYRG,LYT,PMNT,,,,
EWTX,,BITO,,NDSN,LYTS,PNST,,,,
EXAI,,BITQ,,NEOV,MANH,PRKS,,,,
EXAS,,BITS,,NIXX,MAPS,PRPL,,,,
EXEL,,BITU,,NKLA,MAXN,PRTS,,,,
EYEN,,BITX,,NL,MCHP,PSNY,,,,
EYPT,,BIV,,NMHI,MDB,PTLO,,,,
FATE,,BIZD,,NMM,MEI,PTON,,,,
FBIO,,BJAN,,NNBR,MFI,PTVE,,,,
FBLG,,BJK,,NNE,MGIC,PVH,,,,
FBRX,,BJUL,,NOC,MIND,PZZA,,,,
FDMT,,BJUN,,NPK,MITK,QRTEA,,,,
FEMY,,BK,,NPO,MITQ,QS,,,,
FENC,,BKAG,,NPWR,MKDW,QSR,,,,
FGEN,,BKCH,,NSC,MKFG,RACE,,,,
FHTX,,BKCI,,NSP,MKSI,RAVE,,,,
FLGC,,BKEM,,NSSC,ML,RCKY,,,,
FLGT,,BKF,,NTIP,MLAB,RCL,,,,
FMS,,BKGI,,NVEE,MLGO,REAL,,,,
FNA,,BKHA,,NVRI,MLNK,REBN,,,,
FOLD,,BKHY,,NVT,MNDO,RECT,,,,
FONR,,BKIE,,NVX,MNDY,REE,,,,
FORA,,BKIV,,NWPX,MOB,RENT,,,,
FOXO,,BKLC,,NX,MOBX,RERE,,,,
FRES,,BKLN,,NXU,MOGO,REYN,,,,
FTRE,,BKMC,,OC,MPTI,RGS,,,,
FULC,,BKN,,ODFL,MPWR,RH,,,,
GALT,,BKSE,,OFLX,MQ,RICK,,,,
GANX,,BKT,,OMAB,MRAM,RIVN,,,,
GBIO,,BKU,,OP,MRIN,RL,,,,
GCTK,,BKUI,,OPTT,MRT,RMBL,,,,
GDRX,,BKWO,,OPXS,MRVL,ROL,,,,
GDTC,,BLAC,,ORN,MSAI,ROST,,,,
GEHC,,BLCN,,OSK,MSFT,RRGB,,,,
GENE,,BLCR,,OTIS,MSI,RRR,,,,
GERN,,BLCV,,PAC,MSN,RSI,,,,
GH,,BLDG,,PAL,MSTR,RUSHA,,,,
GHRS,,BLE,,PANL,MTC,RVLV,,,,
GHSI,,BLES,,PBI,MTEK,SAG,,,,
GILD,,BLEU,,PC,MTLS,SAH,,,,
GKOS,,BLFY,,PCAR,MTSI,SBET,,,,
GLMD,,BLK,,PCT,MTTR,SBH,,,,
GLPG,,BLKC,,PESI,MU,SBUX,,,,
GLSI,,BLLD,,PFMT,MVIS,SCI,,,,
GLTO,,BLOK,,PGHL,MX,SCVL,,,,
GLUE,,BLV,,PH,MXL,SDA,,,,
GLYC,,BLW,,PITA,MYNA,SE,,,,
GMAB,,BLX,,PIXY,MYSZ,SEE,,,,
GMED,,BMA,,PKE,NA,SES,,,,
GNFT,,BMAR,,PKOH,NABL,SFIX,,,,
GNLX,,BMAY,,PL,NATL,SG,,,,
GNPX,,BMDL,,PLAG,NCNO,SGC,,,,
GNTA,,BME,,PLPC,NEON,SGHC,,,,
GOSS,,BMED,,PLUG,NET,SHAK,,,,
GOVX,,BMEZ,,PMAX,NICE,SHCO,,,,
GPCR,,BMN,,PMEC,NN,SHOO,,,,
GRAL,,BMO,,PNR,NNDM,SIG,,,,
GRDN,,BMRC,,POLA,NOK,SKX,,,,
GRFS,,BMVP,,POOL,NOTE,SKY,,,,
GRI,,BN,,POWL,NOVA,SLDP,,,,
GRTS,,BND,,POWW,NOVT,SLGN,,,,
GSK,,BNDC,,PPIH,NOW,SMP,,,,
GTBP,,BNDD,,PPSI,NRDY,SN,,,,
GUTS,,BNDI,,PRG,NSIT,SNBR,,,,
GYRE,,BNDW,,PRIM,NTAP,SON,,,,
HAE,,BNDX,,PRLB,NTCT,SOND,,,,
HALO,,BNE,,PRZO,NTGR,SPGC,,,,
HBIO,,BNGE,,PSHG,NTNX,SPWH,,,,
HCA,,BNIX,,PSIG,NTWK,SRI,,,,
HCAT,,BNO,,PTSI,NUKK,SRM,,,,
HCM,,BNOV,,PWR,NVDA,STKS,,,,
HCSG,,BNS,,QRHC,NVEC,STLA,,,,
HCTI,,BNT,,QUAD,NVEI,STRT,,,,
HCWB,,BNY,,R,NVMI,SUP,,,,
HEPA,,BOAT,,RAIL,NVNI,SVMH,,,,
HITI,,BOCN,,RAYA,NVTS,SVV,,,,
HLN,,BOCT,,RBA,NXPI,SW,,,,
HLVX,,BOE,,RBC,NXPL,SYPR,,,,
HOLX,,BOH,,RCMT,NXT,TCOM,,,,
HOOK,,BOIL,,RDW,NXTT,TCS,,,,
HOTH,,BOKF,,RELX,NYAX,TDUP,,,,
HOWL,,BOND,,REVG,OBLG,THCH,,,,
HQY,,BOTJ,,REZI,OCC,THO,,,,
HRMY,,BOTT,,RFIL,OCFT,THRM,,,,
HROW,,BOTZ,,RGP,ODD,TJX,,,,
HRTX,,BOUT,,RGR,OKTA,TKLF,,,,
HSCS,,BOW,,RHI,OLB,TLF,,,,
HSDT,,BOWN,,RITR,OLED,TLYS,,,,
HSIC,,BOXX,,RKLB,OLO,TM,,,,
HSTM,,BPAY,,RLGT,ON,TMHC,,,,
HUM,,BPOP,,ROAD,ONDS,TNL,,,,
HUMA,,BPRN,,ROCK,ONTF,TOL,,,,
HYPR,,BRAC,,ROK,ONTO,TOUR,,,,
IART,,BRAZ,,ROMA,OOMA,TPH,,,,
IBIO,,BRBS,,RR,OPTX,TPR,,,,
IBO,,BRDG,,RRX,ORCL,TPX,,,,
IBRX,,BRF,,RSG,ORKT,TRIP,,,,
ICAD,,BRHY,,RTO,OS,TRNR,,,,
ICCC,,BRK-A,,RTX,OSIS,TRS,,,,
ICCM,,BRK-B,,RVSN,OSPN,TSCO,,,,
ICCT,,BRKH,,RXO,OSS,TSLA,,,,
ICLR,,BRKL,,RYAAY,OST,TTSH,,,,
ICU,,BRLN,,RYI,OTEX,TXRH,,,,
ICUI,,BRNY,,SAIA,OUST,UA,,,,
IDXX,,BRO,,SARO,PAGS,UAA,,,,
IDYA,,BRRR,,SATL,PALT,UCAR,,,,
IFRX,,BRTR,,SAVE,PANW,UFI,,,,
IGC,,BRW,,SB,PAR,UHG,,,,
IGMS,,BRZU,,SBLK,PATH,ULTA,,,,
IINN,,BSAC,,SCS,PAY,URBN,,,,
IKNA,,BSBK,,SCWO,PAYC,UXIN,,,,
IKT,,BSBR,,SDST,PAYO,VAC,,,,
ILMN,,BSCO,,SEB,PAYS,VC,,,,
IMAB,,BSCP,,SERV,PAYX,VEEE,,,,
IMCC,,BSCQ,,SFL,PCOR,VEV,,,,
IMCR,,BSCR,,SFWL,PCTY,VFC,,,,
IMMP,,BSCS,,SGBX,PD,VFS,,,,
IMMX,,BSCT,,SGLY,PDFS,VIK,,,,
IMNM,,BSCU,,SGRP,PDYN,VIOT,,,,
IMNN,,BSCV,,SHIM,PEGA,VIPS,,,,
IMRN,,BSCW,,SHIP,PEGY,VIRC,,,,
IMRX,,BSCX,,SHMD,PERF,VLCN,,,,
IMTX,,BSCY,,SHYF,PET,VMAR,,,,
IMUX,,BSEP,,SIDU,PGY,VNCE,,,,
IMVT,,BSIG,,SIF,PHUN,VRA,,,,
INAB,,BSIIU,,SITE,PI,VRM,,,,
INBS,,BSJO,,SKYH,PLAB,VSCO,,,,
INBX,,BSJP,,SKYW,PLTR,VSTO,,,,
INCR,,BSJQ,,SKYX,PLUS,VVV,,,,
INCY,,BSJR,,SLND,PLXS,W,,,,
INDP,,BSJS,,SMHI,POET,WBUY,,,,
INDV,,BSJT,,SMR,POWI,WEN,,,,
INFU,,BSJU,,SMX,PRCH,WEYS,,,,
INGN,,BSJV,,SNA,PRFT,WGO,,,,
INKT,,BSJW,,SNCY,PRGS,WH,,,,
INM,,BSL,,SNDR,PRO,WHR,,,,
INMB,,BSLK,,SNT,PRSO,WINA,,,,
INMD,,BSMC,,SOAR,PRTH,WING,,,,
INNV,,BSMO,,SPAI,PSFE,WKHS,,,,
INO,,BSMP,,SPCB,PSN,WKSP,,,,
INSM,,BSMQ,,SPCE,PSQH,WNW,,,,
INSP,,BSMR,,SPIR,PSTG,WOOF,,,,
INTS,,BSMS,,SPLP,PTC,WPRT,,,,
INVA,,BSMT,,SPR,PUBM,WRD,,,,
INVO,,BSMU,,SPXC,PWSC,WSM,,,,
INZY,,BSMV,,SRCL,PXDT,WW,,,,
IOBT,,BSMW,,SRFM,PXLW,WWW,,,,
IONS,,BSMY,,SST,PYCR,WYNN,,,,
IOVA,,BSR,,STAF,QBTS,XELB,,,,
IPA,,BSRR,,STCN,QCOM,XPEL,,,,
IPHA,,BSSX,,STI,QH,XPEV,,,,
IPSC,,BST,,STN,QLYS,XPOF,,,,
IQV,,BSTP,,STRL,QMCO,YETI,,,,
IRIX,,BSTZ,,SUGP,QRVO,YHGJ,,,,
IRMD,,BSV,,SVT,QTWO,YJ,,,,
IRON,,BSVN,,SWBI,QUBT,YOSH,,,,
IRTC,,BSVO,,SWIM,QUIK,YTRA,,,,
IRWD,,BTA,,SWK,QXO,YUM,,,,
ISPC,,BTAL,,SXI,RAMP,YUMC,,,,
ISRG,,BTBT,,SYM,RBRK,YYAI,,,,
ITCI,,BTC,,TATT,RCAT,YYGH,,,,
ITGR,,BTCL,,TAYD,RDVT,ZAPP,,,,
ITOS,,BTCO,,TBI,RDWR,ZGN,,,,
ITRM,,BTCS,,TDG,RDZN,ZK,,,,
IVA,,BTCW,,TEX,REFR,ZKH,,,,
IVVD,,BTCZ,,TFII,REKR,ZOOZ,,,,
IXHL,,BTF,,TG,RELL,ZUMZ,,,,
JAGX,,BTFX,,TGI,RELY,,,,,
JANX,,BTHM,,TH,RGTI,,,,,
JAZZ,,BTM,,THR,RIME,,,,,
JNJ,,BTO,,TILE,RMBS,,,,,
JSPR,,BTOG,,TISI,RMNI,,,,,
JYNT,,BTOP,,TITN,RNG,,,,,
KALA,,BTR,,TKR,ROG,,,,,
KALV,,BTRN,,TNC,ROP,,,,,
KAPA,,BTT,,TNET,RPAY,,,,,
KDLY,,BTZ,,TOMZ,RPD,,,,,
KIDS,,BUCK,,TORO,RSKD,,,,,
KLTO,,BUFB,,TPC,RSSS,,,,,
KMDA,,BUFC,,TPCS,RTC,,,,,
KNSA,,BUFD,,TPIC,RUM,,,,,
KOD,,BUFF,,TRC,RUN,,,,,
KPRX,,BUFG,,TREX,RVYL,,,,,
KPTI,,BUFP,,TRI,RXT,,,,,
KRMD,,BUFQ,,TRN,RYDE,,,,,
KRON,,BUFR,,TRNS,RZLV,,,,,
KROS,,BUFS,,TRSG,S,,,,,
KRRO,,BUFT,,TT,SABR,,,,,
KRYS,,BUFY,,TTC,SAIC,,,,,
KTRA,,BUFZ,,TTEK,SAIH,,,,,
KTTA,,BUG,,TUSK,SANG,,,,,
KURA,,BUI,,TWI,SANM,,,,,
KYMR,,BUJA,,TWIN,SAP,,,,,
KYTX,,BUL,,TXT,SATS,,,,,
KZIA,,BULD,,UAL,SATX,,,,,
KZR,,BULZ,,UGRO,SCKT,,,,,
LAB,,BUR,,UHAL,SCSC,,,,,
LBPH,,BUSA,,UHAL-B,SCWX,,,,,
LCTX,,BUSE,,ULBI,SEDG,,,,,
LEGN,,BUXX,,ULCC,SELX,,,,,
LENZ,,BUYW,,ULH,SEMR,,,,,
LEXX,,BUYZ,,ULS,SGE,,,,,
LFCR,,BUZZ,,UNF,SGH,,,,,
LFMD,,BVFL,,UNP,SGMA,,,,,
LFST,,BWB,,UP,SGN,,,,,
LFWD,,BWEB,,UPS,SHLS,,,,,
LGMK,,BWET,,URI,SHOP,,,,,
LGND,,BWFG,,USEA,SILC,,,,,
LGVN,,BWG,,UUU,SIMO,,,,,
LH,,BWIN,,VATE,SITM,,,,,
LIFW,,BWTG,,VCIG,SKYT,,,,,
LIPO,,BWX,,VLRS,SLAB,,,,,
LIVN,,BWZ,,VLTO,SMAR,,,,,
LIXT,,BX,,VMI,SMCI,,,,,
LLY,,BXMX,,VRME,SMRT,,,,,
LMAT,,BXSL,,VRRM,SMSI,,,,,
LNSR,,BY,,VRSK,SMTC,,,,,
LNTH,,BYFC,,VRT,SMTK,,,,,
LPCN,,BYLD,,VSEC,SMWB,,,,,
LPTX,,BYM,,VSTS,SMXT,,,,,
LQDA,,BYNO,,VVI,SNCR,,,,,
LRMR,,BYRE,,VVX,SNOW,,,,,
LRTX,,BZQ,,WAB,SNPS,,,,,
LSB,,C,,WCC,SNX,,,,,
LSTA,,CA,,WCN,SOBR,,,,,
LTRN,,CAAA,,WERN,SOL,,,,,
LUCD,,CAC,,WHLM,SONM,,,,,
LUCY,,CACC,,WLDN,SONO,,,,,
LUMO,,CADE,,WLFC,SONY,,,,,
LUNG,,CAF,,WLGS,SOPA,,,,,
LVTX,,CAFG,,WM,SOTK,,,,,
LXEO,,CAFX,,WMS,SOUN,,,,,
LXRX,,CALF,,WNC,SPI,,,,,
LYEL,,CALY,,WOR,SPNS,,,,,
LYRA,,CAML,,WSC,SPPL,,,,,
MAIA,,CAMX,,WSO,SPRU,,,,,
MASI,,CANC,,WTS,SPSC,,,,,
MASS,,CANE,,WWD,SPT,,,,,
MBIO,,CANQ,,XCH,SQ,,,,,
MBOT,,CAOS,,XMTR,SQNS,,,,,
MBRX,,CAPE,,XOS,SQSP,,,,,
MBX,,CAPNU,,XPO,SRAD,,,,,
MCK,,CARD,,XPON,SSNC,,,,,
MCRB,,CARE,,XTIA,SSTI,,,,,
MD,,CARK,,XYL,SSYS,,,,,
MDAI,,CARU,,YGMZ,ST,,,,,
MDGL,,CARV,,ZCAR,STEC,,,,,
MDT,,CARY,,ZIM,STER,,,,,
MDWD,,CARZ,,ZIP,STM,,,,,
MDXG,,CASH,,ZJK,STNE,,,,,
MDXH,,CATF,,ZONE,STX,,,,,
ME,,CATH,,ZTO,SURG,,,,,
MEDP,,CATY,,ZWS,SVCO,,,,,
MEIP,,CB,,,SVRE,,,,,
MESO,,CBAN,,,SWI,,,,,
MGNX,,CBFV,,,SWKS,,,,,
MGRM,,CBLS,,,SWVL,,,,,
MGRX,,CBNK,,,SYNA,,,,,
MGTX,,CBOE,,,SYNX,,,,,
MGX,,CBON,,,SYT,,,,,
MHUA,,CBRG,,,SYTA,,,,,
MIRA,,CBSE,,,TACT,,,,,
MIRM,,CBSH,,,TAIT,,,,,
MIST,,CBU,,,TAOP,,,,,
MLEC,,CCAP,,,TASK,,,,,
MLSS,,CCB,,,TCX,,,,,
MLTX,,CCBG,,,TDC,,,,,
MLYS,,CCD,,,TDTH,,,,,
MMSI,,CCEF,,,TDY,,,,,
MNDR,,CCIF,,,TEAM,,,,,
MNKD,,CCIX,,,TEL,,,,,
MNMD,,CCIXU,,,TENB,,,,,
MNOV,,CCMG,,,TER,,,,,
MNPR,,CCNE,,,TGL,,,,,
MODD,,CCNR,,,TIXT,,,,,
MODV,,CCOR,,,TLS,,,,,
MOH,,CCRV,,,TOST,,,,,
MOLN,,CCSB,,,TOYO,,,,,
MOVE,,CCSO,,,TRAK,,,,,
MPLN,,CCTS,,,TRMB,,,,,
MREO,,CDAQ,,,TROO,,,,,
MRK,,CDC,,,TRT,,,,,
MRKR,,CDEI,,,TSAT,,,,,
MRNA,,CDL,,,TSEM,,,,,
MRNS,,CDX,,,TSM,,,,,
MRSN,,CEE,,,TTD,,,,,
MRUS,,CEF,,,TTEC,,,,,
MRVI,,CEFA,,,TTMI,,,,,
MTD,,CEFD,,,TURB,,,,,
MTEM,,CEFS,,,TUYA,,,,,
MTNB,,CEMB,,,TWKS,,,,,
MURA,,CEP,,,TWLO,,,,,
MXCT,,CERY,,,TXN,,,,,
MYGN,,CET,,,TYGO,,,,,
MYNZ,,CETH,,,TYL,,,,,
MYO,,CEV,,,U,,,,,
NAMS,,CEW,,,UAVS,,,,,
NAOV,,CFA,,,UBER,,,,,
NARI,,CFB,,,UBXG,,,,,
NAUT,,CFBK,,,UCTT,,,,,
NBIX,,CFCV,,,UEIC,,,,,
NBTX,,CFFI,,,UI,,,,,
NBY,,CFFN,,,UIS,,,,,
NCNA,,CFFS,,,ULY,,,,,
NDRA,,CFG,,,UMC,,,,,
NEO,,CFO,,,UPBD,,,,,
NEOG,,CFR,,,UPLD,,,,,
NEPH,,CFSB,,,USIO,,,,,
NERV,,CG,,,UTSI,,,,,
NEUE,,CGBD,,,VCSA,,,,,
NGNE,,CGBL,,,VECO,,,,,
NHC,,CGCB,,,VEEA,,,,,
NIVF,,CGCP,,,VERB,,,,,
NKGN,,CGCV,,,VERI,,,,,
NKTR,,CGDG,,,VERX,,,,,
NKTX,,CGDV,,,VHC,,,,,
NLSP,,CGGE,,,VIAV,,,,,
NMRA,,CGGO,,,VICR,,,,,
NMTC,,CGGR,,,VISL,,,,,
NNOX,,CGHM,,,VLN,,,,,
NNVC,,CGIB,,,VMEO,,,,,
NOTV,,CGIC,,,VNET,,,,,
NPCE,,CGIE,,,VNT,,,,,
NRBO,,CGMS,,,VOXX,,,,,
NRC,,CGMU,,,VPG,,,,,
NRIX,,CGNG,,,VRAR,,,,,
NRSN,,CGO,,,VRNS,,,,,
NRXP,,CGRO,,,VRNT,,,,,
NRXS,,CGSD,,,VRSN,,,,,
NSPR,,CGSM,,,VS,,,,,
NSYS,,CGUI,,,VSAT,,,,,
NTBL,,CGUS,,,VSH,,,,,
NTHI,,CGV,,,VSTE,,,,,
NTLA,,CGW,,,VTEX,,,,,
NTRA,,CGXU,,,VTSI,,,,,
NTRB,,CHAT,,,VUZI,,,,,
NURO,,CHAU,,,VVPR,,,,,
NUTX,,CHCO,,,VYX,,,,,
NUVB,,CHEB,,,VZIO,,,,,
NUVL,,CHEB-U,,,WATT,,,,,
NUWE,,CHGX,,,WBTN,,,,,
NVAX,,CHI,,,WBX,,,,,
NVCR,,CHIQ,,,WCT,,,,,
NVCT,,CHMG,,,WDAY,,,,,
NVNO,,CHN,,,WDC,,,,,
NVO,,CHPS,,,WEX,,,,,
NVOS,,CHW,,,WFCF,,,,,
NVRO,,CHY,,,WISA,,,,,
NVS,,CIA,,,WIT,,,,,
NVST,,CIB,,,WIX,,,,,
NXGL,,CIBR,,,WK,,,,,
NXL,,CID,,,WKEY,,,,,
NXTC,,CIF,,,WLDS,,,,,
NYXH,,CIFR,,,WNS,,,,,
OABI,,CII,,,WOLF,,,,,
OBIO,,CIK,,,WRAP,,,,,
OCEA,,CIL,,,WTO,,,,,
OCGN,,CINF,,,WYY,,,,,
OCS,,CION,,,XBP,,,,,
OCUL,,CITE,,,XELA,,,,,
OCUP,,CIVB,,,XNET,,,,,
OCX,,CIZ,,,XPER,,,,,
OFIX,,CLBK,,,XRX,,,,,
OGEN,,CLBR,,,XTKG,,,,,
OGI,,CLDL,,,YALA,,,,,
OGN,,CLIP,,,YEXT,,,,,
OKYO,,CLIX,,,YIBO,,,,,
OLMA,,CLM,,,YMM,,,,,
OM,,CLNR,,,YOU,,,,,
OMCL,,CLOA,,,YXT,,,,,
OMER,,CLOB,,,ZBRA,,,,,
OMGA,,CLOD,,,ZENA,,,,,
OMI,,CLOI,,,ZENV,,,,,
OMIC,,CLOU,,,ZEO,,,,,
ONCO,,CLOX,,,ZEPP,,,,,
ONCT,,CLOZ,,,ZETA,,,,,
ONCY,,CLRC,,,ZI,,,,,
ONMD,,CLSE,,,ZM,,,,,
ONVO,,CLSK,,,ZPTA,,,,,
OPCH,,CLSM,,,ZS,,,,,
OPK,,CLST,,,ZUO,,,,,
OPRX,,CM,,,,,,,,
OPT,,CMA,,,,,,,,
OPTN,,CMBS,,,,,,,,
ORGO,,CMCI,,,,,,,,
ORGS,,CMDT,,,,,,,,
ORIC,,CMDY,,,,,,,,
ORKA,,CME,,,,,,,,
ORMP,,CMF,,,,,,,,
OSCR,,CMU,,,,,,,,
OSTX,,CNA,,,,,,,,
OSUR,,CNAV,,,,,,,,
OTLK,,CNBS,,,,,,,,
OTRK,,CNCR,,,,,,,,
OVID,,CNEQ,,,,,,,,
OWLT,,CNF,,,,,,,,
PACB,,CNFR,,,,,,,,
PACS,,CNO,,,,,,,,
PAHC,,CNOB,,,,,,,,
PALI,,CNRG,,,,,,,,
PASG,,CNS,,,,,,,,
PAVM,,CNXT,,,,,,,,
PBH,,CNYA,,,,,,,,
PBM,,COAL,,,,,,,,
PBYI,,COF,,,,,,,,
PCRX,,COFS,,,,,,,,
PCSA,,COHN,,,,,,,,
PCVX,,COIN,,,,,,,,
PDCO,,COLB,,,,,,,,
PDEX,,COM,,,,,,,,
PDSB,,COMB,,,,,,,,
PEN,,COMT,,,,,,,,
PEPG,,CONI,,,,,,,,
PETQ,,CONL,,,,,,,,
PETS,,CONY,,,,,,,,
PFE,,COOP,,,,,,,,
PGEN,,COPA,,,,,,,,
PGNY,,COPJ,,,,,,,,
PHAR,,COPP,,,,,,,,
PHAT,,COPX,,,,,,,,
PHG,,CORN,,,,,,,,
PHGE,,CORP,,,,,,,,
PHIO,,COWG,,,,,,,,
PHR,,COWS,,,,,,,,
PHVS,,COWZ,,,,,,,,
PIII,,CPAI,,,,,,,,
PINC,,CPBI,,,,,,,,
PIRS,,CPER,,,,,,,,
PLRX,,CPF,,,,,,,,
PLSE,,CPII,,,,,,,,
PLUR,,CPLS,,,,,,,,
PLX,,CPNJ,,,,,,,,
PMCB,,CPNS,,,,,,,,
PMD,,CPRJ,,,,,,,,
PMN,,CPRO,,,,,,,,
PMVP,,CPSA,,,,,,,,
PNTG,,CPSJ,,,,,,,,
POAI,,CPSL,,,,,,,,
POCI,,CPSM,,,,,,,,
PODD,,CPSO,,,,,,,,
PPBT,,CPSS,,,,,,,,
PRAX,,CPST,,,,,,,,
PRCT,,CPZ,,,,,,,,
PRE,,CQQQ,,,,,,,,
PRFX,,CRAK,,,,,,,,
PRGO,,CRBG,,,,,,,,
PRLD,,CRBN,,,,,,,,
PRME,,CRD-A,,,,,,,,
PROC,,CRD-B,,,,,,,,
PROF,,CRDT,,,,,,,,
PROK,,CRED,,,,,,,,
PRPH,,CRF,,,,,,,,
PRPO,,CRIT,,,,,,,,
PRQR,,CRPT,,,,,,,,
PRTA,,CRSH,,,,,,,,
PRTC,,CRTC,,,,,,,,
PRTG,,CRUZ,,,,,,,,
PRVA,,CRVL,,,,,,,,
PSNL,,CSA,,,,,,,,
PSTV,,CSB,,,,,,,,
PSTX,,CSD,,,,,,,,
PTCT,,CSF,,,,,,,,
PTGX,,CSHI,,,,,,,,
PTHL,,CSHP,,,,,,,,
PTIX,,CSLM,,,,,,,,
PTN,,CSM,,,,,,,,
PTPI,,CSMD,,,,,,,,
PULM,,CSQ,,,,,,,,
PYPD,,CSWC,,,,,,,,
PYXS,,CTA,,,,,,,,
QDEL,,CTBI,,,,,,,,
QGEN,,CTEC,,,,,,,,
QIPT,,CTEX,,,,,,,,
QLGN,,CTOR,,,,,,,,
QNCX,,CUBA,,,,,,,,
QNRX,,CUBI,,,,,,,,
QNTM,,CUBWU,,,,,,,,
QSI,,CURE,,,,,,,,
QTI,,CURR,,,,,,,,
QTRX,,CUT,,,,,,,,
QTTB,,CVAR,,,,,,,,
QURE,,CVBF,,,,,,,,
RANI,,CVIE,,,,,,,,
RAPP,,CVLC,,,,,,,,
RAPT,,CVMC,,,,,,,,
RARE,,CVRD,,,,,,,,
RBOT,,CVRT,,,,,,,,
RCEL,,CVSB,,,,,,,,
RCKT,,CVSE,,,,,,,,
RCM,,CVY,,,,,,,,
RCUS,,CWB,,,,,,,,
RDHL,,CWBC,,,,,,,,
RDNT,,CWD,,,,,,,,
RDY,,CWEB,,,,,,,,
REGN,,CWI,,,,,,,,
RENB,,CWS,,,,,,,,
REPL,,CXE,,,,,,,,
REVB,,CXH,,,,,,,,
RGC,,CXSE,,,,,,,,
RGEN,,CZA,,,,,,,,
RGLS,,CZAR,,,,,,,,
RGNX,,CZFS,,,,,,,,
RHE,,CZNC,,,,,,,,
RIGL,,CZWI,,,,,,,,
RLAY,,DALI,,,,,,,,
RLMD,,DAPP,,,,,,,,
RLYB,,DAPR,,,,,,,,
RMD,,DARP,,,,,,,,
RMTI,,DAT,,,,,,,,
RNA,,DAUG,,,,,,,,
RNAC,,DAX,,,,,,,,
RNAZ,,DB,,,,,,,,
RNLX,,DBA,,,,,,,,
RNXT,,DBAW,,,,,,,,
ROIV,,DBB,,,,,,,,
RPHM,,DBC,,,,,,,,
RPID,,DBE,,,,,,,,
RPRX,,DBEF,,,,,,,,
RPTX,,DBEM,,,,,,,,
RSLS,,DBEU,,,,,,,,
RVMD,,DBEZ,,,,,,,,
RVNC,,DBJP,,,,,,,,
RVP,,DBL,,,,,,,,
RVPH,,DBMF,,,,,,,,
RVTY,,DBND,,,,,,,,
RXRX,,DBO,,,,,,,,
RXST,,DBP,,,,,,,,
RYTM,,DCAP,,,,,,,,
RZLT,,DCF,,,,,,,,
SABS,,DCMT,,,,,,,,
SAGE,,DCOM,,,,,,,,
SANA,,DCOR,,,,,,,,
SAVA,,DCRE,,,,,,,,
SBFM,,DDEC,,,,,,,,
SCLX,,DDIV,,,,,,,,
SCNI,,DDLS,,,,,,,,
SCNX,,DDM,,,,,,,,
SCPH,,DDWM,,,,,,,,
SCPX,,DECA,,,,,,,,
SCYX,,DECO,,,,,,,,
SDGR,,DECT,,,,,,,,
SEEL,,DECW,,,,,,,,
SEER,,DECZ,,,,,,,,
SEM,,DEED,,,,,,,,
SENS,,DEEF,,,,,,,,
SER,,DEEP,,,,,,,,
SERA,,DEFI,,,,,,,,
SGHT,,DEHP,,,,,,,,
SGMO,,DEM,,,,,,,,
SGMT,,DEMZ,,,,,,,,
SGRY,,DES,,,,,,,,
SHC,,DESK,,,,,,,,
SHCR,,DEUS,,,,,,,,
SHLT,,DEW,,,,,,,,
SHPH,,DFAC,,,,,,,,
SIBN,,DFAE,,,,,,,,
SIGA,,DFAI,,,,,,,,
SILO,,DFAR,,,,,,,,
SINT,,DFAS,,,,,,,,
SKYE,,DFAT,,,,,,,,
SLDB,,DFAU,,,,,,,,
SLGL,,DFAW,,,,,,,,
SLN,,DFAX,,,,,,,,
SLNO,,DFCA,,,,,,,,
SLP,,DFCF,,,,,,,,
SLRN,,DFE,,,,,,,,
SLRX,,DFEB,,,,,,,,
SLS,,DFEM,,,,,,,,
SLXN,,DFEN,,,,,,,,
SMLR,,DFEV,,,,,,,,
SMMT,,DFGP,,,,,,,,
SMTI,,DFGR,,,,,,,,
SNDA,,DFGX,,,,,,,,
SNDX,,DFHY,,,,,,,,
SNGX,,DFIC,,,,,,,,
SNN,,DFIP,,,,,,,,
SNOA,,DFIS,,,,,,,,
SNPX,,DFIV,,,,,,,,
SNSE,,DFJ,,,,,,,,
SNTI,,DFLV,,,,,,,,
SNY,,DFND,,,,,,,,
SNYR,,DFNL,,,,,,,,
SOLV,,DFNM,,,,,,,,
SONN,,DFNV,,,,,,,,
SOPH,,DFP,,,,,,,,
SPOK,,DFRA,,,,,,,,
SPRB,,DFS,,,,,,,,
SPRC,,DFSB,,,,,,,,
SPRO,,DFSD,,,,,,,,
SPRY,,DFSE,,,,,,,,
SRDX,,DFSI,,,,,,,,
SRPT,,DFSU,,,,,,,,
SRRK,,DFSV,,,,,,,,
SRTS,,DFUS,,,,,,,,
SRZN,,DFUV,,,,,,,,
SSKN,,DFVE,,,,,,,,
SSY,,DFVX,,,,,,,,
STAA,,DGCB,,,,,,,,
STE,,DGHI,,,,,,,,
STIM,,DGICA,,,,,,,,
STOK,,DGIN,,,,,,,,
STRM,,DGP,,,,,,,,
STRO,,DGRE,,,,,,,,
STRR,,DGRO,,,,,,,,
STSS,,DGRS,,,,,,,,
STTK,,DGRW,,,,,,,,
STVN,,DGS,,,,,,,,
STXS,,DGT,,,,,,,,
SUPN,,DGZ,,,,,,,,
SVRA,,DHF,,,,,,,,
SWTX,,DHIL,,,,,,,,
SXTC,,DHS,,,,,,,,
SXTP,,DHY,,,,,,,,
SY,,DIA,,,,,,,,
SYBX,,DIAL,,,,,,,,
SYK,,DIAX,,,,,,,,
SYRA,,DIEM,,,,,,,,
SYRE,,DIG,,,,,,,,
SYRS,,DIHP,,,,,,,,
TAK,,DIM,,,,,,,,
TALK,,DINT,,,,,,,,
TARA,,DIPS,,,,,,,,
TARS,,DISO,,,,,,,,
TBIO,,DIST,,,,,,,,
TBPH,,DISV,,,,,,,,
TBRG,,DIV,,,,,,,,
TCBP,,DIVB,,,,,,,,
TCMD,,DIVD,,,,,,,,
TCRT,,DIVG,,,,,,,,
TCRX,,DIVI,,,,,,,,
TDOC,,DIVL,,,,,,,,
TECH,,DIVO,,,,,,,,
TECX,,DIVP,,,,,,,,
TELA,,DIVS,,,,,,,,
TELO,,DIVY,,,,,,,,
TEM,,DIVZ,,,,,,,,
TENX,,DJAN,,,,,,,,
TERN,,DJCB,,,,,,,,
TEVA,,DJD,,,,,,,,
TFFP,,DJIA,,,,,,,,
TFX,,DJP,,,,,,,,
TGTX,,DJUL,,,,,,,,
THAR,,DJUN,,,,,,,,
THC,,DLN,,,,,,,,
THRD,,DLS,,,,,,,,
THTX,,DLY,,,,,,,,
TIL,,DMA,,,,,,,,
TIVC,,DMAR,,,,,,,,
TKNO,,DMAT,,,,,,,,
TLPH,,DMAY,,,,,,,,
TLRY,,DMB,,,,,,,,
TLSA,,DMBS,,,,,,,,
TLSI,,DMCY,,,,,,,,
TLX,,DMDV,,,,,,,,
TMCI,,DMF,,,,,,,,
TMDX,,DMO,,,,,,,,
TMO,,DMXF,,,,,,,,
TNDM,,DNB,,,,,,,,
TNFA,,DNL,,,,,,,,
TNGX,,DNOV,,,,,,,,
TNON,,DNP,,,,,,,,
TNXP,,DOCT,,,,,,,,
TNYA,,DOG,,,,,,,,
TOI,,DOGG,,,,,,,,
TOVX,,DOL,,,,,,,,
TPST,,DOMA,,,,,,,,
TRAW,,DON,,,,,,,,
TRDA,,DPCS,,,,,,,,
TRIB,,DPG,,,,,,,,
TRML,,DPST,,,,,,,,
TRVI,,DRAG,,,,,,,,
TRVN,,DRAI,,,,,,,,
TSBX,,DRIP,,,,,,,,
TSHA,,DRIV,,,,,,,,
TSVT,,DRLL,,,,,,,,
TTNP,,DRN,,,,,,,,
TTOO,,DRSK,,,,,,,,
TVGN,,DRUP,,,,,,,,
TVTX,,DRV,,,,,,,,
TWST,,DSCF,,,,,,,,
TXG,,DSEP,,,,,,,,
TXMD,,DSI,,,,,,,,
TYRA,,DSL,,,,,,,,
UBX,,DSM,,,,,,,,
UFPT,,DSMC,,,,,,,,
UHS,,DSTL,,,,,,,,
UNCY,,DSTX,,,,,,,,
UNH,,DSU,,,,,,,,
UPC,,DTAN,,,,,,,,
URGN,,DTCR,,,,,,,,
USPH,,DTD,,,,,,,,
UTHR,,DTEC,,,,,,,,
UTMD,,DTF,,,,,,,,
VALN,,DTH,,,,,,,,
VANI,,DTRE,,,,,,,,
VCEL,,DTSQ,,,,,,,,
VCNX,,DTSQU,,,,,,,,
VCYT,,DUBS,,,,,,,,
VEEV,,DUET,,,,,,,,
VERA,,DUG,,,,,,,,
VERO,,DUHP,,,,,,,,
VERU,,DUKH,,,,,,,,
VERV,,DUKQ,,,,,,,,
VIGL,,DUKX,,,,,,,,
VINC,,DUKZ,,,,,,,,
VIR,,DULL,,,,,,,,
VIRI,,DURA,,,,,,,,
VIRX,,DUSA,,,,,,,,
VKTX,,DUSB,,,,,,,,
VMD,,DUSL,,,,,,,,
VNDA,,DUST,,,,,,,,
VNRX,,DVAL,,,,,,,,
VOR,,DVDN,,,,,,,,
VRAX,,DVLU,,,,,,,,
VRCA,,DVND,,,,,,,,
VRDN,,DVOL,,,,,,,,
VREX,,DVY,,,,,,,,
VRNA,,DVYA,,,,,,,,
VRPX,,DVYE,,,,,,,,
VRTX,,DWAS,,,,,,,,
VSEE,,DWAT,,,,,,,,
VSTM,,DWAW,,,,,,,,
VTAK,,DWCR,,,,,,,,
VTGN,,DWLD,,,,,,,,
VTRS,,DWM,,,,,,,,
VTVT,,DWMF,,,,,,,,
VTYX,,DWSH,,,,,,,,
VVOS,,DWUS,,,,,,,,
VXRT,,DWX,,,,,,,,
VYGR,,DXD,,,,,,,,
VYNE,,DXIV,,,,,,,,
WAT,,DXJ,,,,,,,,
WAY,,DXJS,,,,,,,,
WBA,,DXUV,,,,,,,,
WEAV,,DXYZ,,,,,,,,
WGS,,DYCQ,,,,,,,,
WINT,,DYFI,,,,,,,,
WOK,,DYLD,,,,,,,,
WORX,,DYLG,,,,,,,,
WRBY,,DYNF,,,,,,,,
WST,,DYNI,,,,,,,,
WVE,,DYTA,,,,,,,,
XAIR,,DZZ,,,,,,,,
XBIO,,EAD,,,,,,,,
XBIT,,EAFG,,,,,,,,
XCUR,,EAGG,,,,,,,,
XENE,,EAGL,,,,,,,,
XERS,,EALT,,,,,,,,
XFOR,,EAOA,,,,,,,,
XGN,,EAOK,,,,,,,,
XLO,,EAOM,,,,,,,,
XNCR,,EAOR,,,,,,,,
XOMA,,EAPR,,,,,,,,
XRAY,,EARN,,,,,,,,
XRTX,,EASG,,,,,,,,
XTLB,,EATV,,,,,,,,
XTNT,,EATZ,,,,,,,,
XWEL,,EBC,,,,,,,,
XYLO,,EBIT,,,,,,,,
YCBD,,EBIZ,,,,,,,,
YI,,EBMT,,,,,,,,
YMAB,,EBND,,,,,,,,
ZBH,,EBTC,,,,,,,,
ZBIO,,EBUF,,,,,,,,
ZCMD,,ECAT,,,,,,,,
ZIMV,,ECBK,,,,,,,,
ZJYL,,ECC,,,,,,,,
ZLAB,,ECF,,,,,,,,
ZNTL,,ECH,,,,,,,,
ZOM,,ECLN,,,,,,,,
ZTEK,,ECML,,,,,,,,
ZTS,,ECNS,,,,,,,,
ZURA,,ECON,,,,,,,,
ZVRA,,ECOW,,,,,,,,
ZVSA,,ECPG,,,,,,,,
ZYME,,EDC,,,,,,,,
ZYXI,,EDD,,,,,,,,
,,EDEN,,,,,,,,
,,EDF,,,,,,,,
,,EDGF,,,,,,,,
,,EDGH,,,,,,,,
,,EDGI,,,,,,,,
,,EDGU,,,,,,,,
,,EDIV,,,,,,,,
,,EDOC,,,,,,,,
,,EDOG,,,,,,,,
,,EDOW,,,,,,,,
,,EDV,,,,,,,,
,,EDZ,,,,,,,,
,,EEA,,,,,,,,
,,EELV,,,,,,,,
,,EEM,,,,,,,,
,,EEMA,,,,,,,,
,,EEMD,,,,,,,,
,,EEMO,,,,,,,,
,,EEMS,,,,,,,,
,,EEMV,,,,,,,,
,,EEMX,,,,,,,,
,,EES,,,,,,,,
,,EET,,,,,,,,
,,EETH,,,,,,,,
,,EEV,,,,,,,,
,,EFA,,,,,,,,
,,EFAA,,,,,,,,
,,EFAD,,,,,,,,
,,EFAS,,,,,,,,
,,EFAV,,,,,,,,
,,EFAX,,,,,,,,
,,EFG,,,,,,,,
,,EFIV,,,,,,,,
,,EFIX,,,,,,,,
,,EFNL,,,,,,,,
,,EFO,,,,,,,,
,,EFR,,,,,,,,
,,EFRA,,,,,,,,
,,EFSC,,,,,,,,
,,EFT,,,,,,,,
,,EFU,,,,,,,,
,,EFV,,,,,,,,
,,EFZ,,,,,,,,
,,EG,,,,,,,,
,,EGBN,,,,,,,,
,,EGF,,,,,,,,
,,EGUS,,,,,,,,
,,EHI,,,,,,,,
,,EHLS,,,,,,,,
,,EHTH,,,,,,,,
,,EIC,,,,,,,,
,,EIDO,,,,,,,,
,,EIG,,,,,,,,
,,EIM,,,,,,,,
,,EINC,,,,,,,,
,,EIPI,,,,,,,,
,,EIPX,,,,,,,,
,,EIRL,,,,,,,,
,,EIS,,,,,,,,
,,EJAN,,,,,,,,
,,EJUL,,,,,,,,
,,EKG,,,,,,,,
,,ELCV,,,,,,,,
,,ELD,,,,,,,,
,,ELQD,,,,,,,,
,,EMB,,,,,,,,
,,EMBD,,,,,,,,
,,EMC,,,,,,,,
,,EMCB,,,,,,,,
,,EMCC,,,,,,,,
,,EMCG,,,,,,,,
,,EMCR,,,,,,,,
,,EMD,,,,,,,,
,,EMDM,,,,,,,,
,,EMDV,,,,,,,,
,,EMEQ,,,,,,,,
,,EMF,,,,,,,,
,,EMGF,,,,,,,,
,,EMHC,,,,,,,,
,,EMHY,,,,,,,,
,,EMIF,,,,,,,,
,,EMLC,,,,,,,,
,,EMLP,,,,,,,,
,,EMM,,,,,,,,
,,EMMF,,,,,,,,
,,EMNT,,,,,,,,
,,EMO,,,,,,,,
,,EMOT,,,,,,,,
,,EMQQ,,,,,,,,
,,EMSF,,,,,,,,
,,EMSG,,,,,,,,
,,EMTL,,,,,,,,
,,EMTY,,,,,,,,
,,EMXC,,,,,,,,
,,EMXF,,,,,,,,
,,ENFR,,,,,,,,
,,ENOR,,,,,,,,
,,ENTR,,,,,,,,
,,ENVA,,,,,,,,
,,ENX,,,,,,,,
,,ENZL,,,,,,,,
,,EOCT,,,,,,,,
,,EOD,,,,,,,,
,,EOI,,,,,,,,
,,EOS,,,,,,,,
,,EOT,,,,,,,,
,,EPHE,,,,,,,,
,,EPI,,,,,,,,
,,EPOL,,,,,,,,
,,EPP,,,,,,,,
,,EPRF,,,,,,,,
,,EPS,,,,,,,,
,,EPU,,,,,,,,
,,EPV,,,,,,,,
,,EQAL,,,,,,,,
,,EQBK,,,,,,,,
,,EQH,,,,,,,,
,,EQIN,,,,,,,,
,,EQL,,,,,,,,
,,EQLS,,,,,,,,
,,EQRR,,,,,,,,
,,EQS,,,,,,,,
,,EQTY,,,,,,,,
,,EQUL,,,,,,,,
,,EQV,,,,,,,,
,,EQV-U,,,,,,,,
,,EQWL,,,,,,,,
,,ERC,,,,,,,,
,,ERET,,,,,,,,
,,ERH,,,,,,,,
,,ERIE,,,,,,,,
,,ERNZ,,,,,,,,
,,ERTH,,,,,,,,
,,ERX,,,,,,,,
,,ERY,,,,,,,,
,,ESG,,,,,,,,
,,ESGA,,,,,,,,
,,ESGB,,,,,,,,
,,ESGD,,,,,,,,
,,ESGE,,,,,,,,
,,ESGG,,,,,,,,
,,ESGR,,,,,,,,
,,ESGU,,,,,,,,
,,ESGV,,,,,,,,
,,ESGX,,,,,,,,
,,ESGY,,,,,,,,
,,ESHA,,,,,,,,
,,ESIX,,,,,,,,
,,ESML,,,,,,,,
,,ESMV,,,,,,,,
,,ESNT,,,,,,,,
,,ESPO,,,,,,,,
,,ESQ,,,,,,,,
,,ESSA,,,,,,,,
,,ESUS,,,,,,,,
,,ETB,,,,,,,,
,,ETEC,,,,,,,,
,,ETG,,,,,,,,
,,ETH,,,,,,,,
,,ETHA,,,,,,,,
,,ETHD,,,,,,,,
,,ETHE,,,,,,,,
,,ETHO,,,,,,,,
,,ETHT,,,,,,,,
,,ETHU,,,,,,,,
,,ETHV,,,,,,,,
,,ETHW,,,,,,,,
,,ETJ,,,,,,,,
,,ETO,,,,,,,,
,,ETV,,,,,,,,
,,ETW,,,,,,,,
,,ETX,,,,,,,,
,,ETY,,,,,,,,
,,EUDG,,,,,,,,
,,EUDV,,,,,,,,
,,EUFN,,,,,,,,
,,EUM,,,,,,,,
,,EUO,,,,,,,,
,,EURK,,,,,,,,
,,EURKU,,,,,,,,
,,EURL,,,,,,,,
,,EUSA,,,,,,,,
,,EUSB,,,,,,,,
,,EUSC,,,,,,,,
,,EV,,,,,,,,
,,EVAV,,,,,,,,
,,EVBN,,,,,,,,
,,EVE,,,,,,,,
,,EVF,,,,,,,,
,,EVG,,,,,,,,
,,EVGR,,,,,,,,
,,EVHY,,,,,,,,
,,EVIM,,,,,,,,
,,EVLN,,,,,,,,
,,EVLU,,,,,,,,
,,EVM,,,,,,,,
,,EVMT,,,,,,,,
,,EVN,,,,,,,,
,,EVNT,,,,,,,,
,,EVR,,,,,,,,
,,EVSB,,,,,,,,
,,EVSD,,,,,,,,
,,EVSM,,,,,,,,
,,EVT,,,,,,,,
,,EVTR,,,,,,,,
,,EVUS,,,,,,,,
,,EVV,,,,,,,,
,,EVX,,,,,,,,
,,EWA,,,,,,,,
,,EWBC,,,,,,,,
,,EWC,,,,,,,,
,,EWD,,,,,,,,
,,EWG,,,,,,,,
,,EWH,,,,,,,,
,,EWI,,,,,,,,
,,EWJ,,,,,,,,
,,EWJV,,,,,,,,
,,EWK,,,,,,,,
,,EWL,,,,,,,,
,,EWM,,,,,,,,
,,EWN,,,,,,,,
,,EWO,,,,,,,,
,,EWP,,,,,,,,
,,EWQ,,,,,,,,
,,EWS,,,,,,,,
,,EWT,,,,,,,,
,,EWU,,,,,,,,
,,EWUS,,,,,,,,
,,EWV,,,,,,,,
,,EWW,,,,,,,,
,,EWX,,,,,,,,
,,EWY,,,,,,,,
,,EWZ,,,,,,,,
,,EWZS,,,,,,,,
,,EXG,,,,,,,,
,,EXI,,,,,,,,
,,EYEG,,,,,,,,
,,EYLD,,,,,,,,
,,EZA,,,,,,,,
,,EZBC,,,,,,,,
,,EZET,,,,,,,,
,,EZJ,,,,,,,,
,,EZM,,,,,,,,
,,EZPW,,,,,,,,
,,EZU,,,,,,,,
,,FAAR,,,,,,,,
,,FAB,,,,,,,,
,,FAD,,,,,,,,
,,FAF,,,,,,,,
,,FAIL,,,,,,,,
,,FALN,,,,,,,,
,,FAN,,,,,,,,
,,FANH,,,,,,,,
,,FAPR,,,,,,,,
,,FAS,,,,,,,,
,,FAUG,,,,,,,,
,,FAX,,,,,,,,
,,FAZ,,,,,,,,
,,FBCG,,,,,,,,
,,FBCV,,,,,,,,
,,FBIZ,,,,,,,,
,,FBK,,,,,,,,
,,FBL,,,,,,,,
,,FBMS,,,,,,,,
,,FBNC,,,,,,,,
,,FBND,,,,,,,,
,,FBOT,,,,,,,,
,,FBP,,,,,,,,
,,FBT,,,,,,,,
,,FBTC,,,,,,,,
,,FBUF,,,,,,,,
,,FBY,,,,,,,,
,,FBZ,,,,,,,,
,,FCA,,,,,,,,
,,FCAL,,,,,,,,
,,FCAP,,,,,,,,
,,FCBC,,,,,,,,
,,FCCO,,,,,,,,
,,FCEF,,,,,,,,
,,FCF,,,,,,,,
,,FCFS,,,,,,,,
,,FCFY,,,,,,,,
,,FCG,,,,,,,,
,,FCLD,,,,,,,,
,,FCNCA,,,,,,,,
,,FCO,,,,,,,,
,,FCOM,,,,,,,,
,,FCOR,,,,,,,,
,,FCPI,,,,,,,,
,,FCSH,,,,,,,,
,,FCT,,,,,,,,
,,FCTE,,,,,,,,
,,FCTR,,,,,,,,
,,FCUS,,,,,,,,
,,FCVT,,,,,,,,
,,FDAT,,,,,,,,
,,FDBC,,,,,,,,
,,FDCE,,,,,,,,
,,FDCF,,,,,,,,
,,FDD,,,,,,,,
,,FDEC,,,,,,,,
,,FDEM,,,,,,,,
,,FDEV,,,,,,,,
,,FDFF,,,,,,,,
,,FDG,,,,,,,,
,,FDGR,,,,,,,,
,,FDHT,,,,,,,,
,,FDHY,,,,,,,,
,,FDIF,,,,,,,,
,,FDIG,,,,,,,,
,,FDIS,,,,,,,,
,,FDIV,,,,,,,,
,,FDL,,,,,,,,
,,FDLO,,,,,,,,
,,FDLS,,,,,,,,
,,FDM,,,,,,,,
,,FDMO,,,,,,,,
,,FDN,,,,,,,,
,,FDND,,,,,,,,
,,FDNI,,,,,,,,
,,FDRR,,,,,,,,
,,FDRV,,,,,,,,
,,FDS,,,,,,,,
,,FDSB,,,,,,,,
,,FDT,,,,,,,,
,,FDTB,,,,,,,,
,,FDTS,,,,,,,,
,,FDTX,,,,,,,,
,,FDUS,,,,,,,,
,,FDV,,,,,,,,
,,FDVL,,,,,,,,
,,FDVV,,,,,,,,
,,FDWM,,,,,,,,
,,FEBP,,,,,,,,
,,FEBT,,,,,,,,
,,FEBW,,,,,,,,
,,FEBZ,,,,,,,,
,,FEDL,,,,,,,,
,,FEDM,,,,,,,,
,,FEIG,,,,,,,,
,,FELC,,,,,,,,
,,FELG,,,,,,,,
,,FELV,,,,,,,,
,,FEM,,,,,,,,
,,FEMB,,,,,,,,
,,FEMS,,,,,,,,
,,FENI,,,,,,,,
,,FENY,,,,,,,,
,,FEP,,,,,,,,
,,FEPI,,,,,,,,
,,FESM,,,,,,,,
,,FETH,,,,,,,,
,,FEUS,,,,,,,,
,,FEUZ,,,,,,,,
,,FEX,,,,,,,,
,,FEZ,,,,,,,,
,,FFA,,,,,,,,
,,FFBC,,,,,,,,
,,FFC,,,,,,,,
,,FFEB,,,,,,,,
,,FFIC,,,,,,,,
,,FFIN,,,,,,,,
,,FFIU,,,,,,,,
,,FFLC,,,,,,,,
,,FFLG,,,,,,,,
,,FFLS,,,,,,,,
,,FFLV,,,,,,,,
,,FFND,,,,,,,,
,,FFNW,,,,,,,,
,,FFOG,,,,,,,,
,,FFSM,,,,,,,,
,,FFTY,,,,,,,,
,,FFWM,,,,,,,,
,,FG,,,,,,,,
,,FGB,,,,,,,,
,,FGBI,,,,,,,,
,,FGD,,,,,,,,
,,FGDL,,,,,,,,
,,FGF,,,,,,,,
,,FGM,,,,,,,,
,,FHB,,,,,,,,
,,FHEQ,,,,,,,,
,,FHI,,,,,,,,
,,FHLC,,,,,,,,
,,FHN,,,,,,,,
,,FHYS,,,,,,,,
,,FIAC,,,,,,,,
,,FIAT,,,,,,,,
,,FIAX,,,,,,,,
,,FIBK,,,,,,,,
,,FIBR,,,,,,,,
,,FICS,,,,,,,,
,,FID,,,,,,,,
,,FIDI,,,,,,,,
,,FIDU,,,,,,,,
,,FIG,,,,,,,,
,,FIGB,,,,,,,,
,,FIHL,,,,,,,,
,,FIIG,,,,,,,,
,,FILL,,,,,,,,
,,FINE,,,,,,,,
,,FINS,,,,,,,,
,,FINV,,,,,,,,
,,FINW,,,,,,,,
,,FINX,,,,,,,,
,,FISI,,,,,,,,
,,FISR,,,,,,,,
,,FITB,,,,,,,,
,,FITE,,,,,,,,
,,FIVA,,,,,,,,
,,FIW,,,,,,,,
,,FIXD,,,,,,,,
,,FIXT,,,,,,,,
,,FJAN,,,,,,,,
,,FJP,,,,,,,,
,,FJUL,,,,,,,,
,,FJUN,,,,,,,,
,,FKU,,,,,,,,
,,FLAO,,,,,,,,
,,FLAU,,,,,,,,
,,FLAX,,,,,,,,
,,FLBL,,,,,,,,
,,FLBR,,,,,,,,
,,FLC,,,,,,,,
,,FLCA,,,,,,,,
,,FLCB,,,,,,,,
,,FLCC,,,,,,,,
,,FLCG,,,,,,,,
,,FLCH,,,,,,,,
,,FLCO,,,,,,,,
,,FLCV,,,,,,,,
,,FLD,,,,,,,,
,,FLDB,,,,,,,,
,,FLDR,,,,,,,,
,,FLDZ,,,,,,,,
,,FLEE,,,,,,,,
,,FLEU,,,,,,,,
,,FLGB,,,,,,,,
,,FLGR,,,,,,,,
,,FLGV,,,,,,,,
,,FLHK,,,,,,,,
,,FLHY,,,,,,,,
,,FLIA,,,,,,,,
,,FLIC,,,,,,,,
,,FLIN,,,,,,,,
,,FLJH,,,,,,,,
,,FLJJ,,,,,,,,
,,FLJP,,,,,,,,
,,FLKR,,,,,,,,
,,FLLA,,,,,,,,
,,FLMB,,,,,,,,
,,FLMI,,,,,,,,
,,FLMX,,,,,,,,
,,FLN,,,,,,,,
,,FLOT,,,,,,,,
,,FLOW,,,,,,,,
,,FLQL,,,,,,,,
,,FLQM,,,,,,,,
,,FLQS,,,,,,,,
,,FLRG,,,,,,,,
,,FLRN,,,,,,,,
,,FLRT,,,,,,,,
,,FLSA,,,,,,,,
,,FLSP,,,,,,,,
,,FLSW,,,,,,,,
,,FLTB,,,,,,,,
,,FLTR,,,,,,,,
,,FLTW,,,,,,,,
,,FLUD,,,,,,,,
,,FLV,,,,,,,,
,,FLXR,,,,,,,,
,,FLYD,,,,,,,,
,,FLYU,,,,,,,,
,,FM,,,,,,,,
,,FMAG,,,,,,,,
,,FMAO,,,,,,,,
,,FMAR,,,,,,,,
,,FMAT,,,,,,,,
,,FMAY,,,,,,,,
,,FMB,,,,,,,,
,,FMBH,,,,,,,,
,,FMCX,,,,,,,,
,,FMDE,,,,,,,,
,,FMED,,,,,,,,
,,FMET,,,,,,,,
,,FMF,,,,,,,,
,,FMHI,,,,,,,,
,,FMN,,,,,,,,
,,FMNB,,,,,,,,
,,FMNY,,,,,,,,
,,FMQQ,,,,,,,,
,,FMY,,,,,,,,
,,FNB,,,,,,,,
,,FNCL,,,,,,,,
,,FNDA,,,,,,,,
,,FNDB,,,,,,,,
,,FNDC,,,,,,,,
,,FNDE,,,,,,,,
,,FNDF,,,,,,,,
,,FNDX,,,,,,,,
,,FNF,,,,,,,,
,,FNGD,,,,,,,,
,,FNGG,,,,,,,,
,,FNGO,,,,,,,,
,,FNGS,,,,,,,,
,,FNGU,,,,,,,,
,,FNK,,,,,,,,
,,FNLC,,,,,,,,
,,FNOV,,,,,,,,
,,FNVT,,,,,,,,
,,FNWB,,,,,,,,
,,FNWD,,,,,,,,
,,FNX,,,,,,,,
,,FNY,,,,,,,,
,,FOA,,,,,,,,
,,FOCT,,,,,,,,
,,FOF,,,,,,,,
,,FORH,,,,,,,,
,,FOVL,,,,,,,,
,,FOXX,,,,,,,,
,,FPA,,,,,,,,
,,FPAG,,,,,,,,
,,FPE,,,,,,,,
,,FPEI,,,,,,,,
,,FPF,,,,,,,,
,,FPFD,,,,,,,,
,,FPRO,,,,,,,,
,,FPX,,,,,,,,
,,FPXE,,,,,,,,
,,FPXI,,,,,,,,
,,FQAL,,,,,,,,
,,FRA,,,,,,,,
,,FRAF,,,,,,,,
,,FRBA,,,,,,,,
,,FRDM,,,,,,,,
,,FREL,,,,,,,,
,,FRHC,,,,,,,,
,,FRI,,,,,,,,
,,FRLA,,,,,,,,
,,FRME,,,,,,,,
,,FRNW,,,,,,,,
,,FRST,,,,,,,,
,,FRTY,,,,,,,,
,,FSBC,,,,,,,,
,,FSBD,,,,,,,,
,,FSBW,,,,,,,,
,,FSCO,,,,,,,,
,,FSCS,,,,,,,,
,,FSEA,,,,,,,,
,,FSEC,,,,,,,,
,,FSEP,,,,,,,,
,,FSFG,,,,,,,,
,,FSHP,,,,,,,,
,,FSIG,,,,,,,,
,,FSK,,,,,,,,
,,FSLD,,,,,,,,
,,FSMB,,,,,,,,
,,FSMD,,,,,,,,
,,FSST,,,,,,,,
,,FSTA,,,,,,,,
,,FSUN,,,,,,,,
,,FSYD,,,,,,,,
,,FSZ,,,,,,,,
,,FT,,,,,,,,
,,FTA,,,,,,,,
,,FTAG,,,,,,,,
,,FTBD,,,,,,,,
,,FTC,,,,,,,,
,,FTCB,,,,,,,,
,,FTCE,,,,,,,,
,,FTCS,,,,,,,,
,,FTDS,,,,,,,,
,,FTEC,,,,,,,,
,,FTF,,,,,,,,
,,FTGC,,,,,,,,
,,FTGS,,,,,,,,
,,FTHF,,,,,,,,
,,FTHI,,,,,,,,
,,FTHY,,,,,,,,
,,FTIF,,,,,,,,
,,FTII,,,,,,,,
,,FTLS,,,,,,,,
,,FTQI,,,,,,,,
,,FTRB,,,,,,,,
,,FTRI,,,,,,,,
,,FTSD,,,,,,,,
,,FTSL,,,,,,,,
,,FTSM,,,,,,,,
,,FTWO,,,,,,,,
,,FTXG,,,,,,,,
,,FTXH,,,,,,,,
,,FTXL,,,,,,,,
,,FTXN,,,,,,,,
,,FTXO,,,,,,,,
,,FTXR,,,,,,,,
,,FUFU,,,,,,,,
,,FULT,,,,,,,,
,,FUMB,,,,,,,,
,,FUNC,,,,,,,,
,,FUND,,,,,,,,
,,FUNL,,,,,,,,
,,FUSB,,,,,,,,
,,FUSI,,,,,,,,
,,FUTU,,,,,,,,
,,FUTY,,,,,,,,
,,FV,,,,,,,,
,,FVAL,,,,,,,,
,,FVC,,,,,,,,
,,FVCB,,,,,,,,
,,FVD,,,,,,,,
,,FVNNU,,,,,,,,
,,FWD,,,,,,,,
,,FXA,,,,,,,,
,,FXB,,,,,,,,
,,FXC,,,,,,,,
,,FXD,,,,,,,,
,,FXE,,,,,,,,
,,FXED,,,,,,,,
,,FXF,,,,,,,,
,,FXG,,,,,,,,
,,FXH,,,,,,,,
,,FXI,,,,,,,,
,,FXL,,,,,,,,
,,FXN,,,,,,,,
,,FXNC,,,,,,,,
,,FXO,,,,,,,,
,,FXP,,,,,,,,
,,FXR,,,,,,,,
,,FXU,,,,,,,,
,,FXY,,,,,,,,
,,FXZ,,,,,,,,
,,FYC,,,,,,,,
,,FYEE,,,,,,,,
,,FYLD,,,,,,,,
,,FYLG,,,,,,,,
,,FYT,,,,,,,,
,,FYX,,,,,,,,
,,GAA,,,,,,,,
,,GAB,,,,,,,,
,,GABC,,,,,,,,
,,GABF,,,,,,,,
,,GAEM,,,,,,,,
,,GAIN,,,,,,,,
,,GAL,,,,,,,,
,,GAM,,,,,,,,
,,GAMR,,,,,,,,
,,GAPR,,,,,,,,
,,GAQ,,,,,,,,
,,GARP,,,,,,,,
,,GAST,,,,,,,,
,,GATE,,,,,,,,
,,GAUG,,,,,,,,
,,GBAB,,,,,,,,
,,GBBK,,,,,,,,
,,GBCI,,,,,,,,
,,GBDC,,,,,,,,
,,GBF,,,,,,,,
,,GBIL,,,,,,,,
,,GBLD,,,,,,,,
,,GBLI,,,,,,,,
,,GBNY,,,,,,,,
,,GBTC,,,,,,,,
,,GBUY,,,,,,,,
,,GCAD,,,,,,,,
,,GCAL,,,,,,,,
,,GCBC,,,,,,,,
,,GCC,,,,,,,,
,,GCLN,,,,,,,,
,,GCMG,,,,,,,,
,,GCOR,,,,,,,,
,,GCOW,,,,,,,,
,,GCV,,,,,,,,
,,GDE,,,,,,,,
,,GDEC,,,,,,,,
,,GDIV,,,,,,,,
,,GDL,,,,,,,,
,,GDMA,,,,,,,,
,,GDMN,,,,,,,,
,,GDO,,,,,,,,
,,GDOC,,,,,,,,
,,GDOT,,,,,,,,
,,GDST,,,,,,,,
,,GDV,,,,,,,,
,,GDX,,,,,,,,
,,GDXD,,,,,,,,
,,GDXJ,,,,,,,,
,,GDXU,,,,,,,,
,,GDXY,,,,,,,,
,,GECC,,,,,,,,
,,GEG,,,,,,,,
,,GEM,,,,,,,,
,,GEMD,,,,,,,,
,,GENM,,,,,,,,
,,GENT,,,,,,,,
,,GF,,,,,,,,
,,GFEB,,,,,,,,
,,GFGF,,,,,,,,
,,GFOF,,,,,,,,
,,GGAL,,,,,,,,
,,GGLL,,,,,,,,
,,GGLS,,,,,,,,
,,GGM,,,,,,,,
,,GGME,,,,,,,,
,,GGN,,,,,,,,
,,GGRW,,,,,,,,
,,GGT,,,,,,,,
,,GGUS,,,,,,,,
,,GGZ,,,,,,,,
,,GHEE,,,,,,,,
,,GHI,,,,,,,,
,,GHIX,,,,,,,,
,,GHLD,,,,,,,,
,,GHMS,,,,,,,,
,,GHTA,,,,,,,,
,,GHY,,,,,,,,
,,GHYB,,,,,,,,
,,GHYG,,,,,,,,
,,GIAX,,,,,,,,
,,GIG,,,,,,,,
,,GIGB,,,,,,,,
,,GIGGU,,,,,,,,
,,GII,,,,,,,,
,,GINN,,,,,,,,
,,GINX,,,,,,,,
,,GJAN,,,,,,,,
,,GJUL,,,,,,,,
,,GJUN,,,,,,,,
,,GK,,,,,,,,
,,GL,,,,,,,,
,,GLAC,,,,,,,,
,,GLAD,,,,,,,,
,,GLBL,,,,,,,,
,,GLBZ,,,,,,,,
,,GLD,,,,,,,,
,,GLDI,,,,,,,,
,,GLDM,,,,,,,,
,,GLIN,,,,,,,,
,,GLL,,,,,,,,
,,GLLI,,,,,,,,
,,GLO,,,,,,,,
,,GLOF,,,,,,,,
,,GLOV,,,,,,,,
,,GLOW,,,,,,,,
,,GLQ,,,,,,,,
,,GLRE,,,,,,,,
,,GLRY,,,,,,,,
,,GLST,,,,,,,,
,,GLTR,,,,,,,,
,,GLU,,,,,,,,
,,GLV,,,,,,,,
,,GMAR,,,,,,,,
,,GMAY,,,,,,,,
,,GMET,,,,,,,,
,,GMF,,,,,,,,
,,GMMA,,,,,,,,
,,GMNY,,,,,,,,
,,GMOM,,,,,,,,
,,GMUB,,,,,,,,
,,GMUN,,,,,,,,
,,GNMA,,,,,,,,
,,GNOM,,,,,,,,
,,GNOV,,,,,,,,
,,GNR,,,,,,,,
,,GNT,,,,,,,,
,,GNTY,,,,,,,,
,,GNW,,,,,,,,
,,GOAU,,,,,,,,
,,GOCO,,,,,,,,
,,GOCT,,,,,,,,
,,GODN,,,,,,,,
,,GOEX,,,,,,,,
,,GOF,,,,,,,,
,,GOLY,,,,,,,,
,,GOOP,,,,,,,,
,,GOOX,,,,,,,,
,,GOOY,,,,,,,,
,,GOVI,,,,,,,,
,,GOVT,,,,,,,,
,,GOVZ,,,,,,,,
,,GPAT,,,,,,,,
,,GPATU,,,,,,,,
,,GPIQ,,,,,,,,
,,GPIX,,,,,,,,
,,GPOW,,,,,,,,
,,GPRF,,,,,,,,
,,GQI,,,,,,,,
,,GQQQ,,,,,,,,
,,GQRE,,,,,,,,
,,GRAF,,,,,,,,
,,GRDI,,,,,,,,
,,GREE,,,,,,,,
,,GREI,,,,,,,,
,,GREK,,,,,,,,
,,GRF,,,,,,,,
,,GRID,,,,,,,,
,,GRN,,,,,,,,
,,GRNB,,,,,,,,
,,GROW,,,,,,,,
,,GRPM,,,,,,,,
,,GRPZ,,,,,,,,
,,GRW,,,,,,,,
,,GRX,,,,,,,,
,,GRYP,,,,,,,,
,,GS,,,,,,,,
,,GSBC,,,,,,,,
,,GSBD,,,,,,,,
,,GSC,,,,,,,,
,,GSEE,,,,,,,,
,,GSEP,,,,,,,,
,,GSEU,,,,,,,,
,,GSEW,,,,,,,,
,,GSFP,,,,,,,,
,,GSG,,,,,,,,
,,GSHD,,,,,,,,
,,GSIB,,,,,,,,
,,GSID,,,,,,,,
,,GSIE,,,,,,,,
,,GSIG,,,,,,,,
,,GSIW,,,,,,,,
,,GSJY,,,,,,,,
,,GSLC,,,,,,,,
,,GSPY,,,,,,,,
,,GSSC,,,,,,,,
,,GSST,,,,,,,,
,,GSUS,,,,,,,,
,,GSY,,,,,,,,
,,GTAC,,,,,,,,
,,GTEK,,,,,,,,
,,GTIP,,,,,,,,
,,GTO,,,,,,,,
,,GTR,,,,,,,,
,,GUG,,,,,,,,
,,GUMI,,,,,,,,
,,GUNR,,,,,,,,
,,GUNZ,,,,,,,,
,,GURU,,,,,,,,
,,GUSA,,,,,,,,
,,GUSH,,,,,,,,
,,GUT,,,,,,,,
,,GVAL,,,,,,,,
,,GVI,,,,,,,,
,,GVIP,,,,,,,,
,,GVLU,,,,,,,,
,,GVUS,,,,,,,,
,,GWX,,,,,,,,
,,GXC,,,,,,,,
,,GXG,,,,,,,,
,,GXTG,,,,,,,,
,,GXUS,,,,,,,,
,,GYLD,,,,,,,,
,,HACK,,,,,,,,
,,HAFC,,,,,,,,
,,HAIA,,,,,,,,
,,HAIL,,,,,,,,
,,HAP,,,,,,,,
,,HAPI,,,,,,,,
,,HAPR,,,,,,,,
,,HAPS,,,,,,,,
,,HAPY,,,,,,,,
,,HARD,,,,,,,,
,,HART,,,,,,,,
,,HAUS,,,,,,,,
,,HAUZ,,,,,,,,
,,HAWX,,,,,,,,
,,HBAN,,,,,,,,
,,HBCP,,,,,,,,
,,HBNC,,,,,,,,
,,HBT,,,,,,,,
,,HCI,,,,,,,,
,,HCMT,,,,,,,,
,,HCOM,,,,,,,,
,,HCOW,,,,,,,,
,,HCRB,,,,,,,,
,,HCVI,,,,,,,,
,,HDB,,,,,,,,
,,HDEF,,,,,,,,
,,HDG,,,,,,,,
,,HDGE,,,,,,,,
,,HDLB,,,,,,,,
,,HDMV,,,,,,,,
,,HDRO,,,,,,,,
,,HDUS,,,,,,,,
,,HDV,,,,,,,,
,,HEAT,,,,,,,,
,,HECO,,,,,,,,
,,HEDJ,,,,,,,,
,,HEEM,,,,,,,,
,,HEFA,,,,,,,,
,,HEGD,,,,,,,,
,,HEJD,,,,,,,,
,,HELO,,,,,,,,
,,HELX,,,,,,,,
,,HEQ,,,,,,,,
,,HEQT,,,,,,,,
,,HERD,,,,,,,,
,,HERO,,,,,,,,
,,HEWJ,,,,,,,,
,,HEZU,,,,,,,,
,,HF,,,,,,,,
,,HFBL,,,,,,,,
,,HFGO,,,,,,,,
,,HFND,,,,,,,,
,,HFRO,,,,,,,,
,,HFWA,,,,,,,,
,,HFXI,,,,,,,,
,,HG,,,,,,,,
,,HGBL,,,,,,,,
,,HGER,,,,,,,,
,,HGLB,,,,,,,,
,,HGTY,,,,,,,,
,,HHGC,,,,,,,,
,,HIBL,,,,,,,,
,,HIBS,,,,,,,,
,,HIDE,,,,,,,,
,,HIDV,,,,,,,,
,,HIE,,,,,,,,
,,HIFS,,,,,,,,
,,HIG,,,,,,,,
,,HIGH,,,,,,,,
,,HIO,,,,,,,,
,,HIPO,,,,,,,,
,,HIPS,,,,,,,,
,,HISF,,,,,,,,
,,HIVE,,,,,,,,
,,HIX,,,,,,,,
,,HIYS,,,,,,,,
,,HJAN,,,,,,,,
,,HJUL,,,,,,,,
,,HKND,,,,,,,,
,,HLAL,,,,,,,,
,,HLGE,,,,,,,,
,,HLI,,,,,,,,
,,HLNE,,,,,,,,
,,HLXB,,,,,,,,
,,HMN,,,,,,,,
,,HMNF,,,,,,,,
,,HMOP,,,,,,,,
,,HMST,,,,,,,,
,,HNDL,,,,,,,,
,,HNNA,,,,,,,,
,,HNVR,,,,,,,,
,,HNW,,,,,,,,
,,HOCT,,,,,,,,
,,HODL,,,,,,,,
,,HOMB,,,,,,,,
,,HOMZ,,,,,,,,
,,HONDU,,,,,,,,
,,HONE,,,,,,,,
,,HOOD,,,,,,,,
,,HOPE,,,,,,,,
,,HPF,,,,,,,,
,,HPH,,,,,,,,
,,HPI,,,,,,,,
,,HPS,,,,,,,,
,,HQGO,,,,,,,,
,,HQH,,,,,,,,
,,HQL,,,,,,,,
,,HRTG,,,,,,,,
,,HRTS,,,,,,,,
,,HRZN,,,,,,,,
,,HSBC,,,,,,,,
,,HSCZ,,,,,,,,
,,HSMV,,,,,,,,
,,HSPO,,,,,,,,
,,HSRT,,,,,,,,
,,HSUN,,,,,,,,
,,HTAB,,,,,,,,
,,HTBI,,,,,,,,
,,HTBK,,,,,,,,
,,HTD,,,,,,,,
,,HTEC,,,,,,,,
,,HTGC,,,,,,,,
,,HTH,,,,,,,,
,,HTLF,,,,,,,,
,,HTRB,,,,,,,,
,,HTUS,,,,,,,,
,,HUIZ,,,,,,,,
,,HUSV,,,,,,,,
,,HUT,,,,,,,,
,,HWAY,,,,,,,,
,,HWBK,,,,,,,,
,,HWC,,,,,,,,
,,HYAC,,,,,,,,
,,HYB,,,,,,,,
,,HYBB,,,,,,,,
,,HYBI,,,,,,,,
,,HYBL,,,,,,,,
,,HYD,,,,,,,,
,,HYDB,,,,,,,,
,,HYDR,,,,,,,,
,,HYDW,,,,,,,,
,,HYEM,,,,,,,,
,,HYFI,,,,,,,,
,,HYG,,,,,,,,
,,HYGH,,,,,,,,
,,HYGI,,,,,,,,
,,HYGV,,,,,,,,
,,HYGW,,,,,,,,
,,HYHG,,,,,,,,
,,HYI,,,,,,,,
,,HYIN,,,,,,,,
,,HYKE,,,,,,,,
,,HYLB,,,,,,,,
,,HYLG,,,,,,,,
,,HYLS,,,,,,,,
,,HYMB,,,,,,,,
,,HYMU,,,,,,,,
,,HYRM,,,,,,,,
,,HYS,,,,,,,,
,,HYSA,,,,,,,,
,,HYSD,,,,,,,,
,,HYT,,,,,,,,
,,HYTR,,,,,,,,
,,HYUP,,,,,,,,
,,HYXF,,,,,,,,
,,HYXU,,,,,,,,
,,HYZD,,,,,,,,
,,IAE,,,,,,,,
,,IAF,,,,,,,,
,,IAGG,,,,,,,,
,,IAI,,,,,,,,
,,IAK,,,,,,,,
,,IAPR,,,,,,,,
,,IAT,,,,,,,,
,,IAU,,,,,,,,
,,IAUG,,,,,,,,
,,IAUM,,,,,,,,
,,IBAC,,,,,,,,
,,IBAT,,,,,,,,
,,IBB,,,,,,,,
,,IBBQ,,,,,,,,
,,IBCP,,,,,,,,
,,IBD,,,,,,,,
,,IBDP,,,,,,,,
,,IBDQ,,,,,,,,
,,IBDR,,,,,,,,
,,IBDS,,,,,,,,
,,IBDT,,,,,,,,
,,IBDU,,,,,,,,
,,IBDV,,,,,,,,
,,IBDW,,,,,,,,
,,IBDX,,,,,,,,
,,IBDY,,,,,,,,
,,IBDZ,,,,,,,,
,,IBGA,,,,,,,,
,,IBGK,,,,,,,,
,,IBHD,,,,,,,,
,,IBHE,,,,,,,,
,,IBHF,,,,,,,,
,,IBHG,,,,,,,,
,,IBHH,,,,,,,,
,,IBHI,,,,,,,,
,,IBHJ,,,,,,,,
,,IBHK,,,,,,,,
,,IBIA,,,,,,,,
,,IBIB,,,,,,,,
,,IBIC,,,,,,,,
,,IBID,,,,,,,,
,,IBIE,,,,,,,,
,,IBIF,,,,,,,,
,,IBIG,,,,,,,,
,,IBIH,,,,,,,,
,,IBII,,,,,,,,
,,IBIJ,,,,,,,,
,,IBIK,,,,,,,,
,,IBIT,,,,,,,,
,,IBKR,,,,,,,,
,,IBLC,,,,,,,,
,,IBMM,,,,,,,,
,,IBMN,,,,,,,,
,,IBMO,,,,,,,,
,,IBMP,,,,,,,,
,,IBMQ,,,,,,,,
,,IBMS,,,,,,,,
,,IBN,,,,,,,,
,,IBND,,,,,,,,
,,IBOC,,,,,,,,
,,IBOT,,,,,,,,
,,IBRN,,,,,,,,
,,IBTE,,,,,,,,
,,IBTF,,,,,,,,
,,IBTG,,,,,,,,
,,IBTH,,,,,,,,
,,IBTI,,,,,,,,
,,IBTJ,,,,,,,,
,,IBTK,,,,,,,,
,,IBTL,,,,,,,,
,,IBTM,,,,,,,,
,,IBTO,,,,,,,,
,,IBTP,,,,,,,,
,,IBTX,,,,,,,,
,,IBUF,,,,,,,,
,,IBUY,,,,,,,,
,,ICAP,,,,,,,,
,,ICCH,,,,,,,,
,,ICE,,,,,,,,
,,ICF,,,,,,,,
,,ICLN,,,,,,,,
,,ICLO,,,,,,,,
,,ICMB,,,,,,,,
,,ICOP,,,,,,,,
,,ICOW,,,,,,,,
,,ICSH,,,,,,,,
,,ICVT,,,,,,,,
,,IDAT,,,,,,,,
,,IDE,,,,,,,,
,,IDEC,,,,,,,,
,,IDEV,,,,,,,,
,,IDGT,,,,,,,,
,,IDHQ,,,,,,,,
,,IDLV,,,,,,,,
,,IDMO,,,,,,,,
,,IDNA,,,,,,,,
,,IDOG,,,,,,,,
,,IDRV,,,,,,,,
,,IDU,,,,,,,,
,,IDUB,,,,,,,,
,,IDV,,,,,,,,
,,IDVO,,,,,,,,
,,IDX,,,,,,,,
,,IEDI,,,,,,,,
,,IEF,,,,,,,,
,,IEFA,,,,,,,,
,,IEI,,,,,,,,
,,IEMG,,,,,,,,
,,IEO,,,,,,,,
,,IETC,,,,,,,,
,,IEUR,,,,,,,,
,,IEUS,,,,,,,,
,,IEV,,,,,,,,
,,IEZ,,,,,,,,
,,IFEB,,,,,,,,
,,IFED,,,,,,,,
,,IFGL,,,,,,,,
,,IFN,,,,,,,,
,,IFRA,,,,,,,,
,,IFS,,,,,,,,
,,IFV,,,,,,,,
,,IG,,,,,,,,
,,IGA,,,,,,,,
,,IGBH,,,,,,,,
,,IGD,,,,,,,,
,,IGE,,,,,,,,
,,IGEB,,,,,,,,
,,IGF,,,,,,,,
,,IGHG,,,,,,,,
,,IGI,,,,,,,,
,,IGIB,,,,,,,,
,,IGIC,,,,,,,,
,,IGLB,,,,,,,,
,,IGLD,,,,,,,,
,,IGM,,,,,,,,
,,IGOV,,,,,,,,
,,IGPT,,,,,,,,
,,IGR,,,,,,,,
,,IGRO,,,,,,,,
,,IGSB,,,,,,,,
,,IGTA,,,,,,,,
,,IGTR,,,,,,,,
,,IGV,,,,,,,,
,,IHAK,,,,,,,,
,,IHD,,,,,,,,
,,IHDG,,,,,,,,
,,IHE,,,,,,,,
,,IHF,,,,,,,,
,,IHI,,,,,,,,
,,IHTA,,,,,,,,
,,IHY,,,,,,,,
,,IHYF,,,,,,,,
,,IIF,,,,,,,,
,,IIGD,,,,,,,,
,,IIM,,,,,,,,
,,IJAN,,,,,,,,
,,IJH,,,,,,,,
,,IJJ,,,,,,,,
,,IJK,,,,,,,,
,,IJR,,,,,,,,
,,IJS,,,,,,,,
,,IJT,,,,,,,,
,,IJUL,,,,,,,,
,,IJUN,,,,,,,,
,,ILCB,,,,,,,,
,,ILCG,,,,,,,,
,,ILCV,,,,,,,,
,,ILDR,,,,,,,,
,,ILF,,,,,,,,
,,ILIT,,,,,,,,
,,ILOW,,,,,,,,
,,ILTB,,,,,,,,
,,IMAR,,,,,,,,
,,IMAY,,,,,,,,
,,IMCB,,,,,,,,
,,IMCG,,,,,,,,
,,IMCV,,,,,,,,
,,IMFL,,,,,,,,
,,IMOM,,,,,,,,
,,IMSI,,,,,,,,
,,IMTB,,,,,,,,
,,IMTM,,,,,,,,
,,INAQ,,,,,,,,
,,INAV,,,,,,,,
,,INBK,,,,,,,,
,,INC,,,,,,,,
,,INCE,,,,,,,,
,,INCM,,,,,,,,
,,INCO,,,,,,,,
,,INDA,,,,,,,,
,,INDB,,,,,,,,
,,INDE,,,,,,,,
,,INDF,,,,,,,,
,,INDH,,,,,,,,
,,INDL,,,,,,,,
,,INDS,,,,,,,,
,,INDY,,,,,,,,
,,INEQ,,,,,,,,
,,INFL,,,,,,,,
,,INFR,,,,,,,,
,,ING,,,,,,,,
,,INKM,,,,,,,,
,,INMU,,,,,,,,
,,INNO,,,,,,,,
,,INOV,,,,,,,,
,,INQQ,,,,,,,,
,,INRO,,,,,,,,
,,INSI,,,,,,,,
,,INTE,,,,,,,,
,,INTF,,,,,,,,
,,INTL,,,,,,,,
,,INTR,,,,,,,,
,,INV,,,,,,,,
,,IOCT,,,,,,,,
,,ION,,,,,,,,
,,IOO,,,,,,,,
,,IOPP,,,,,,,,
,,IOR,,,,,,,,
,,IPAC,,,,,,,,
,,IPAV,,,,,,,,
,,IPAY,,,,,,,,
,,IPDP,,,,,,,,
,,IPKW,,,,,,,,
,,IPO,,,,,,,,
,,IPOS,,,,,,,,
,,IPPP,,,,,,,,
,,IPXX,,,,,,,,
,,IQDE,,,,,,,,
,,IQDF,,,,,,,,
,,IQDG,,,,,,,,
,,IQDY,,,,,,,,
,,IQHI,,,,,,,,
,,IQI,,,,,,,,
,,IQIN,,,,,,,,
,,IQLT,,,,,,,,
,,IQM,,,,,,,,
,,IQQQ,,,,,,,,
,,IQRA,,,,,,,,
,,IQSI,,,,,,,,
,,IQSM,,,,,,,,
,,IQSU,,,,,,,,
,,IREN,,,,,,,,
,,IRET,,,,,,,,
,,IROH,,,,,,,,
,,IROQ,,,,,,,,
,,IRTR,,,,,,,,
,,IRVH,,,,,,,,
,,ISCB,,,,,,,,
,,ISCF,,,,,,,,
,,ISCG,,,,,,,,
,,ISCV,,,,,,,,
,,ISD,,,,,,,,
,,ISDB,,,,,,,,
,,ISEP,,,,,,,,
,,ISHG,,,,,,,,
,,ISHP,,,,,,,,
,,ISMD,,,,,,,,
,,ISPY,,,,,,,,
,,ISRA,,,,,,,,
,,ISRL,,,,,,,,
,,ISTB,,,,,,,,
,,ISTR,,,,,,,,
,,ISVL,,,,,,,,
,,ISWN,,,,,,,,
,,ITA,,,,,,,,
,,ITAN,,,,,,,,
,,ITB,,,,,,,,
,,ITDA,,,,,,,,
,,ITDB,,,,,,,,
,,ITDC,,,,,,,,
,,ITDD,,,,,,,,
,,ITDE,,,,,,,,
,,ITDF,,,,,,,,
,,ITDG,,,,,,,,
,,ITDH,,,,,,,,
,,ITDI,,,,,,,,
,,ITEQ,,,,,,,,
,,ITIC,,,,,,,,
,,ITM,,,,,,,,
,,ITOT,,,,,,,,
,,ITUB,,,,,,,,
,,ITWO,,,,,,,,
,,IUS,,,,,,,,
,,IUSB,,,,,,,,
,,IUSG,,,,,,,,
,,IUSV,,,,,,,,
,,IVAL,,,,,,,,
,,IVCA,,,,,,,,
,,IVCB,,,,,,,,
,,IVCP,,,,,,,,
,,IVE,,,,,,,,
,,IVEG,,,,,,,,
,,IVES,,,,,,,,
,,IVLU,,,,,,,,
,,IVOG,,,,,,,,
,,IVOL,,,,,,,,
,,IVOO,,,,,,,,
,,IVOV,,,,,,,,
,,IVRA,,,,,,,,
,,IVRS,,,,,,,,
,,IVV,,,,,,,,
,,IVVB,,,,,,,,
,,IVVM,,,,,,,,
,,IVVW,,,,,,,,
,,IVW,,,,,,,,
,,IVZ,,,,,,,,
,,IWB,,,,,,,,
,,IWC,,,,,,,,
,,IWD,,,,,,,,
,,IWDL,,,,,,,,
,,IWF,,,,,,,,
,,IWFG,,,,,,,,
,,IWFL,,,,,,,,
,,IWL,,,,,,,,
,,IWLG,,,,,,,,
,,IWM,,,,,,,,
,,IWMI,,,,,,,,
,,IWML,,,,,,,,
,,IWMW,,,,,,,,
,,IWMY,,,,,,,,
,,IWN,,,,,,,,
,,IWO,,,,,,,,
,,IWP,,,,,,,,
,,IWR,,,,,,,,
,,IWS,,,,,,,,
,,IWTR,,,,,,,,
,,IWV,,,,,,,,
,,IWX,,,,,,,,
,,IWY,,,,,,,,
,,IX,,,,,,,,
,,IXAQ,,,,,,,,
,,IXC,,,,,,,,
,,IXG,,,,,,,,
,,IXJ,,,,,,,,
,,IXN,,,,,,,,
,,IXP,,,,,,,,
,,IXUS,,,,,,,,
,,IYC,,,,,,,,
,,IYE,,,,,,,,
,,IYF,,,,,,,,
,,IYG,,,,,,,,
,,IYH,,,,,,,,
,,IYJ,,,,,,,,
,,IYK,,,,,,,,
,,IYLD,,,,,,,,
,,IYM,,,,,,,,
,,IYR,,,,,,,,
,,IYT,,,,,,,,
,,IYW,,,,,,,,
,,IYY,,,,,,,,
,,IYZ,,,,,,,,
,,IZRL,,,,,,,,
,,JAAA,,,,,,,,
,,JADE,,,,,,,,
,,JAJL,,,,,,,,
,,JAND,,,,,,,,
,,JANH,,,,,,,,
,,JANJ,,,,,,,,
,,JANQ,,,,,,,,
,,JANT,,,,,,,,
,,JANW,,,,,,,,
,,JANZ,,,,,,,,
,,JAVA,,,,,,,,
,,JBBB,,,,,,,,
,,JBND,,,,,,,,
,,JCE,,,,,,,,
,,JCHI,,,,,,,,
,,JCPB,,,,,,,,
,,JCPI,,,,,,,,
,,JCTR,,,,,,,,
,,JDIV,,,,,,,,
,,JDOC,,,,,,,,
,,JDST,,,,,,,,
,,JDVI,,,,,,,,
,,JEF,,,,,,,,
,,JEMA,,,,,,,,
,,JEMB,,,,,,,,
,,JEPI,,,,,,,,
,,JEPQ,,,,,,,,
,,JEQ,,,,,,,,
,,JETD,,,,,,,,
,,JETS,,,,,,,,
,,JETU,,,,,,,,
,,JFR,,,,,,,,
,,JFWD,,,,,,,,
,,JGH,,,,,,,,
,,JGLO,,,,,,,,
,,JGRO,,,,,,,,
,,JGRW,,,,,,,,
,,JHAC,,,,,,,,
,,JHCB,,,,,,,,
,,JHDV,,,,,,,,
,,JHEM,,,,,,,,
,,JHG,,,,,,,,
,,JHHY,,,,,,,,
,,JHI,,,,,,,,
,,JHID,,,,,,,,
,,JHMB,,,,,,,,
,,JHMD,,,,,,,,
,,JHML,,,,,,,,
,,JHMM,,,,,,,,
,,JHMU,,,,,,,,
,,JHPI,,,,,,,,
,,JHS,,,,,,,,
,,JHSC,,,,,,,,
,,JIG,,,,,,,,
,,JIRE,,,,,,,,
,,JIVE,,,,,,,,
,,JLQD,,,,,,,,
,,JLS,,,,,,,,
,,JMBS,,,,,,,,
,,JMEE,,,,,,,,
,,JMHI,,,,,,,,
,,JMID,,,,,,,,
,,JMM,,,,,,,,
,,JMOM,,,,,,,,
,,JMSB,,,,,,,,
,,JMSI,,,,,,,,
,,JMST,,,,,,,,
,,JMUB,,,,,,,,
,,JNEU,,,,,,,,
,,JNK,,,,,,,,
,,JNUG,,,,,,,,
,,JOET,,,,,,,,
,,JOF,,,,,,,,
,,JOJO,,,,,,,,
,,JPAN,,,,,,,,
,,JPC,,,,,,,,
,,JPEF,,,,,,,,
,,JPEM,,,,,,,,
,,JPI,,,,,,,,
,,JPIB,,,,,,,,
,,JPIE,,,,,,,,
,,JPIN,,,,,,,,
,,JPLD,,,,,,,,
,,JPM,,,,,,,,
,,JPMB,,,,,,,,
,,JPME,,,,,,,,
,,JPMO,,,,,,,,
,,JPRE,,,,,,,,
,,JPSE,,,,,,,,
,,JPST,,,,,,,,
,,JPSV,,,,,,,,
,,JPUS,,,,,,,,
,,JPXN,,,,,,,,
,,JQC,,,,,,,,
,,JQUA,,,,,,,,
,,JRE,,,,,,,,
,,JRI,,,,,,,,
,,JRNY,,,,,,,,
,,JRS,,,,,,,,
,,JRVR,,,,,,,,
,,JSCP,,,,,,,,
,,JSI,,,,,,,,
,,JSMD,,,,,,,,
,,JSML,,,,,,,,
,,JSTC,,,,,,,,
,,JTEK,,,,,,,,
,,JUCY,,,,,,,,
,,JULD,,,,,,,,
,,JULH,,,,,,,,
,,JULJ,,,,,,,,
,,JULM,,,,,,,,
,,JULP,,,,,,,,
,,JULQ,,,,,,,,
,,JULT,,,,,,,,
,,JULU,,,,,,,,
,,JULW,,,,,,,,
,,JULZ,,,,,,,,
,,JUNM,,,,,,,,
,,JUNP,,,,,,,,
,,JUNT,,,,,,,,
,,JUNW,,,,,,,,
,,JUNZ,,,,,,,,
,,JUST,,,,,,,,
,,JVAL,,,,,,,,
,,JVSA,,,,,,,,
,,JWSM,,,,,,,,
,,JXI,,,,,,,,
,,JXN,,,,,,,,
,,KACL,,,,,,,,
,,KALL,,,,,,,,
,,KAPR,,,,,,,,
,,KARS,,,,,,,,
,,KAUG,,,,,,,,
,,KB,,,,,,,,
,,KBA,,,,,,,,
,,KBDC,,,,,,,,
,,KBE,,,,,,,,
,,KBUF,,,,,,,,
,,KBWB,,,,,,,,
,,KBWD,,,,,,,,
,,KBWP,,,,,,,,
,,KBWR,,,,,,,,
,,KBWY,,,,,,,,
,,KCAI,,,,,,,,
,,KCCA,,,,,,,,
,,KCE,,,,,,,,
,,KCSH,,,,,,,,
,,KEAT,,,,,,,,
,,KEM,,,,,,,,
,,KEMQ,,,,,,,,
,,KEMX,,,,,,,,
,,KEUA,,,,,,,,
,,KEY,,,,,,,,
,,KF,,,,,,,,
,,KFFB,,,,,,,,
,,KGRN,,,,,,,,
,,KHPI,,,,,,,,
,,KHYB,,,,,,,,
,,KIE,,,,,,,,
,,KINS,,,,,,,,
,,KIO,,,,,,,,
,,KJAN,,,,,,,,
,,KJUL,,,,,,,,
,,KJUN,,,,,,,,
,,KKR,,,,,,,,
,,KLIP,,,,,,,,
,,KLMT,,,,,,,,
,,KLXY,,,,,,,,
,,KMLM,,,,,,,,
,,KMPR,,,,,,,,
,,KNCT,,,,,,,,
,,KNG,,,,,,,,
,,KNGS,,,,,,,,
,,KNGZ,,,,,,,,
,,KNO,,,,,,,,
,,KNOW,,,,,,,,
,,KNSL,,,,,,,,
,,KOCG,,,,,,,,
,,KOCT,,,,,,,,
,,KOKU,,,,,,,,
,,KOLD,,,,,,,,
,,KOMP,,,,,,,,
,,KONG,,,,,,,,
,,KOOL,,,,,,,,
,,KORP,,,,,,,,
,,KORU,,,,,,,,
,,KPOP,,,,,,,,
,,KPRO,,,,,,,,
,,KQQQ,,,,,,,,
,,KRBN,,,,,,,,
,,KRE,,,,,,,,
,,KRMA,,,,,,,,
,,KRNY,,,,,,,,
,,KROP,,,,,,,,
,,KRUZ,,,,,,,,
,,KSA,,,,,,,,
,,KSEA,,,,,,,,
,,KSEP,,,,,,,,
,,KSM,,,,,,,,
,,KSPY,,,,,,,,
,,KSTR,,,,,,,,
,,KTEC,,,,,,,,
,,KTF,,,,,,,,
,,KURE,,,,,,,,
,,KVAC,,,,,,,,
,,KVLE,,,,,,,,
,,KWEB,,,,,,,,
,,KWT,,,,,,,,
,,KXI,,,,,,,,
,,KYN,,,,,,,,
,,L,,,,,,,,
,,LABD,,,,,,,,
,,LABU,,,,,,,,
,,LALT,,,,,,,,
,,LAPR,,,,,,,,
,,LARK,,,,,,,,
,,LATG,,,,,,,,
,,LAZ,,,,,,,,
,,LBAY,,,,,,,,
,,LBO,,,,,,,,
,,LC,,,,,,,,
,,LCDS,,,,,,,,
,,LCF,,,,,,,,
,,LCG,,,,,,,,
,,LCLG,,,,,,,,
,,LCNB,,,,,,,,
,,LCR,,,,,,,,
,,LCTD,,,,,,,,
,,LCTU,,,,,,,,
,,LDEM,,,,,,,,
,,LDI,,,,,,,,
,,LDP,,,,,,,,
,,LDSF,,,,,,,,
,,LDUR,,,,,,,,
,,LEAD,,,,,,,,
,,LEGR,,,,,,,,
,,LEGT,,,,,,,,
,,LEMB,,,,,,,,
,,LEO,,,,,,,,
,,LEXI,,,,,,,,
,,LFAE,,,,,,,,
,,LFAF,,,,,,,,
,,LFAI,,,,,,,,
,,LFAJ,,,,,,,,
,,LFAK,,,,,,,,
,,LFAN,,,,,,,,
,,LFAO,,,,,,,,
,,LFAQ,,,,,,,,
,,LFAR,,,,,,,,
,,LFAU,,,,,,,,
,,LFAV,,,,,,,,
,,LFAW,,,,,,,,
,,LFAX,,,,,,,,
,,LFAZ,,,,,,,,
,,LFBB,,,,,,,,
,,LFEQ,,,,,,,,
,,LGH,,,,,,,,
,,LGHL,,,,,,,,
,,LGHT,,,,,,,,
,,LGI,,,,,,,,
,,LGLV,,,,,,,,
,,LGOV,,,,,,,,
,,LGRO,,,,,,,,
,,LIAB,,,,,,,,
,,LIAG,,,,,,,,
,,LIAK,,,,,,,,
,,LIAM,,,,,,,,
,,LIAP,,,,,,,,
,,LIAX,,,,,,,,
,,LIEN,,,,,,,,
,,LIMI,,,,,,,,
,,LION,,,,,,,,
,,LIT,,,,,,,,
,,LITP,,,,,,,,
,,LIVR,,,,,,,,
,,LJAN,,,,,,,,
,,LJUL,,,,,,,,
,,LKFN,,,,,,,,
,,LKOR,,,,,,,,
,,LLDR,,,,,,,,
,,LLYX,,,,,,,,
,,LMBO,,,,,,,,
,,LMBS,,,,,,,,
,,LMFA,,,,,,,,
,,LMND,,,,,,,,
,,LNC,,,,,,,,
,,LNGG,,,,,,,,
,,LNGZ,,,,,,,,
,,LNKB,,,,,,,,
,,LOB,,,,,,,,
,,LOCT,,,,,,,,
,,LONZ,,,,,,,,
,,LOPP,,,,,,,,
,,LOUP,,,,,,,,
,,LOWV,,,,,,,,
,,LPAA,,,,,,,,
,,LPAAU,,,,,,,,
,,LPLA,,,,,,,,
,,LPRO,,,,,,,,
,,LQAI,,,,,,,,
,,LQD,,,,,,,,
,,LQDB,,,,,,,,
,,LQDH,,,,,,,,
,,LQDI,,,,,,,,
,,LQDW,,,,,,,,
,,LQIG,,,,,,,,
,,LRFC,,,,,,,,
,,LRGC,,,,,,,,
,,LRGE,,,,,,,,
,,LRGF,,,,,,,,
,,LRGG,,,,,,,,
,,LRND,,,,,,,,
,,LRNZ,,,,,,,,
,,LSAF,,,,,,,,
,,LSAT,,,,,,,,
,,LSBK,,,,,,,,
,,LSEQ,,,,,,,,
,,LSGR,,,,,,,,
,,LSST,,,,,,,,
,,LTL,,,,,,,,
,,LTPZ,,,,,,,,
,,LU,,,,,,,,
,,LUX,,,,,,,,
,,LUXX,,,,,,,,
,,LVHD,,,,,,,,
,,LVHI,,,,,,,,
,,LVOL,,,,,,,,
,,LX,,,,,,,,
,,LYG,,,,,,,,
,,LYLD,,,,,,,,
,,MA,,,,,,,,
,,MACI,,,,,,,,
,,MADE,,,,,,,,
,,MAGA,,,,,,,,
,,MAGG,,,,,,,,
,,MAGQ,,,,,,,,
,,MAGS,,,,,,,,
,,MAGX,,,,,,,,
,,MAIN,,,,,,,,
,,MAKX,,,,,,,,
,,MAMB,,,,,,,,
,,MAPP,,,,,,,,
,,MARA,,,,,,,,
,,MARB,,,,,,,,
,,MARM,,,,,,,,
,,MART,,,,,,,,
,,MARW,,,,,,,,
,,MARX,,,,,,,,
,,MARZ,,,,,,,,
,,MATH,,,,,,,,
,,MAV,,,,,,,,
,,MAXI,,,,,,,,
,,MAXJ,,,,,,,,
,,MAYT,,,,,,,,
,,MAYU,,,,,,,,
,,MAYW,,,,,,,,
,,MAYZ,,,,,,,,
,,MBAV,,,,,,,,
,,MBAVU,,,,,,,,
,,MBB,,,,,,,,
,,MBBB,,,,,,,,
,,MBCC,,,,,,,,
,,MBCN,,,,,,,,
,,MBI,,,,,,,,
,,MBIN,,,,,,,,
,,MBND,,,,,,,,
,,MBNE,,,,,,,,
,,MBNKP,,,,,,,,
,,MBOX,,,,,,,,
,,MBS,,,,,,,,
,,MBSD,,,,,,,,
,,MBSF,,,,,,,,
,,MBWM,,,,,,,,
,,MC,,,,,,,,
,,MCAA,,,,,,,,
,,MCAG,,,,,,,,
,,MCB,,,,,,,,
,,MCBS,,,,,,,,
,,MCDS,,,,,,,,
,,MCH,,,,,,,,
,,MCHI,,,,,,,,
,,MCHS,,,,,,,,
,,MCI,,,,,,,,
,,MCN,,,,,,,,
,,MCO,,,,,,,,
,,MCR,,,,,,,,
,,MCSE,,,,,,,,
,,MCVT,,,,,,,,
,,MCY,,,,,,,,
,,MDBH,,,,,,,,
,,MDCP,,,,,,,,
,,MDEV,,,,,,,,
,,MDIV,,,,,,,,
,,MDLV,,,,,,,,
,,MDPL,,,,,,,,
,,MDST,,,,,,,,
,,MDY,,,,,,,,
,,MDYG,,,,,,,,
,,MDYV,,,,,,,,
,,MEAR,,,,,,,,
,,MEDI,,,,,,,,
,,MEDX,,,,,,,,
,,MEGI,,,,,,,,
,,MEGL,,,,,,,,
,,MEM,,,,,,,,
,,MEMS,,,,,,,,
,,MEMX,,,,,,,,
,,MET,,,,,,,,
,,METD,,,,,,,,
,,METU,,,,,,,,
,,METV,,,,,,,,
,,MEXX,,,,,,,,
,,MFC,,,,,,,,
,,MFDX,,,,,,,,
,,MFEM,,,,,,,,
,,MFG,,,,,,,,
,,MFH,,,,,,,,
,,MFIC,,,,,,,,
,,MFIN,,,,,,,,
,,MFLX,,,,,,,,
,,MFM,,,,,,,,
,,MFUL,,,,,,,,
,,MFUS,,,,,,,,
,,MFUT,,,,,,,,
,,MGC,,,,,,,,
,,MGF,,,,,,,,
,,MGK,,,,,,,,
,,MGLD,,,,,,,,
,,MGMT,,,,,,,,
,,MGNR,,,,,,,,
,,MGOV,,,,,,,,
,,MGRO,,,,,,,,
,,MGV,,,,,,,,
,,MGYR,,,,,,,,
,,MHD,,,,,,,,
,,MHF,,,,,,,,
,,MHI,,,,,,,,
,,MHLD,,,,,,,,
,,MHN,,,,,,,,
,,MID,,,,,,,,
,,MIDE,,,,,,,,
,,MIDU,,,,,,,,
,,MIG,,,,,,,,
,,MIGI,,,,,,,,
,,MILN,,,,,,,,
,,MIN,,,,,,,,
,,MINN,,,,,,,,
,,MINO,,,,,,,,
,,MINT,,,,,,,,
,,MINV,,,,,,,,
,,MIO,,,,,,,,
,,MISL,,,,,,,,
,,MITA,,,,,,,,
,,MIY,,,,,,,,
,,MJ,,,,,,,,
,,MJUS,,,,,,,,
,,MKAM,,,,,,,,
,,MKL,,,,,,,,
,,MKOR,,,,,,,,
,,MKTW,,,,,,,,
,,MKTX,,,,,,,,
,,MLDR,,,,,,,,
,,MLN,,,,,,,,
,,MLPA,,,,,,,,
,,MLPB,,,,,,,,
,,MLPD,,,,,,,,
,,MLPR,,,,,,,,
,,MLPX,,,,,,,,
,,MMC,,,,,,,,
,,MMCA,,,,,,,,
,,MMD,,,,,,,,
,,MMIN,,,,,,,,
,,MMIT,,,,,,,,
,,MMKT,,,,,,,,
,,MMLG,,,,,,,,
,,MMSC,,,,,,,,
,,MMT,,,,,,,,
,,MMTM,,,,,,,,
,,MMU,,,,,,,,
,,MNA,,,,,,,,
,,MNBD,,,,,,,,
,,MNSB,,,,,,,,
,,MNTL,,,,,,,,
,,MNTN,,,,,,,,
,,MOAT,,,,,,,,
,,MODL,,,,,,,,
,,MOFG,,,,,,,,
,,MOHR,,,,,,,,
,,MOO,,,,,,,,
,,MOOD,,,,,,,,
,,MORN,,,,,,,,
,,MORT,,,,,,,,
,,MOTE,,,,,,,,
,,MOTG,,,,,,,,
,,MOTI,,,,,,,,
,,MOTO,,,,,,,,
,,MPA,,,,,,,,
,,MPAY,,,,,,,,
,,MPB,,,,,,,,
,,MPRO,,,,,,,,
,,MPV,,,,,,,,
,,MQQQ,,,,,,,,
,,MQT,,,,,,,,
,,MQY,,,,,,,,
,,MRAD,,,,,,,,
,,MRBK,,,,,,,,
,,MRCC,,,,,,,,
,,MRGR,,,,,,,,
,,MRNY,,,,,,,,
,,MRSK,,,,,,,,
,,MRX,,,,,,,,
,,MS,,,,,,,,
,,MSBI,,,,,,,,
,,MSCI,,,,,,,,
,,MSD,,,,,,,,
,,MSDL,,,,,,,,
,,MSFD,,,,,,,,
,,MSFL,,,,,,,,
,,MSFO,,,,,,,,
,,MSFU,,,,,,,,
,,MSFX,,,,,,,,
,,MSFY,,,,,,,,
,,MSMR,,,,,,,,
,,MSOS,,,,,,,,
,,MSOX,,,,,,,,
,,MSSA,,,,,,,,
,,MSSS,,,,,,,,
,,MSTB,,,,,,,,
,,MSTI,,,,,,,,
,,MSTQ,,,,,,,,
,,MSTU,,,,,,,,
,,MSTX,,,,,,,,
,,MSTY,,,,,,,,
,,MSTZ,,,,,,,,
,,MSVX,,,,,,,,
,,MTB,,,,,,,,
,,MTBA,,,,,,,,
,,MTG,,,,,,,,
,,MTGP,,,,,,,,
,,MTUL,,,,,,,,
,,MTUM,,,,,,,,
,,MUA,,,,,,,,
,,MUB,,,,,,,,
,,MUC,,,,,,,,
,,MUE,,,,,,,,
,,MUFG,,,,,,,,
,,MUI,,,,,,,,
,,MUJ,,,,,,,,
,,MUNI,,,,,,,,
,,MUSI,,,,,,,,
,,MUSQ,,,,,,,,
,,MUST,,,,,,,,
,,MVAL,,,,,,,,
,,MVBF,,,,,,,,
,,MVF,,,,,,,,
,,MVFD,,,,,,,,
,,MVFG,,,,,,,,
,,MVPA,,,,,,,,
,,MVPL,,,,,,,,
,,MVPS,,,,,,,,
,,MVRL,,,,,,,,
,,MVT,,,,,,,,
,,MVV,,,,,,,,
,,MXE,,,,,,,,
,,MXF,,,,,,,,
,,MXI,,,,,,,,
,,MYCF,,,,,,,,
,,MYCG,,,,,,,,
,,MYCH,,,,,,,,
,,MYCI,,,,,,,,
,,MYCJ,,,,,,,,
,,MYCK,,,,,,,,
,,MYCL,,,,,,,,
,,MYCM,,,,,,,,
,,MYCN,,,,,,,,
,,MYD,,,,,,,,
,,MYFW,,,,,,,,
,,MYI,,,,,,,,
,,MYLD,,,,,,,,
,,MYMF,,,,,,,,
,,MYMG,,,,,,,,
,,MYMH,,,,,,,,
,,MYMI,,,,,,,,
,,MYMJ,,,,,,,,
,,MYN,,,,,,,,
,,MYY,,,,,,,,
,,MZZ,,,,,,,,
,,NAC,,,,,,,,
,,NACP,,,,,,,,
,,NAD,,,,,,,,
,,NAIL,,,,,,,,
,,NAN,,,,,,,,
,,NANC,,,,,,,,
,,NANR,,,,,,,,
,,NAPR,,,,,,,,
,,NAUG,,,,,,,,
,,NAVI,,,,,,,,
,,NAZ,,,,,,,,
,,NBB,,,,,,,,
,,NBBK,,,,,,,,
,,NBCC,,,,,,,,
,,NBCE,,,,,,,,
,,NBCM,,,,,,,,
,,NBCR,,,,,,,,
,,NBCT,,,,,,,,
,,NBDS,,,,,,,,
,,NBFC,,,,,,,,
,,NBGR,,,,,,,,
,,NBH,,,,,,,,
,,NBHC,,,,,,,,
,,NBJP,,,,,,,,
,,NBN,,,,,,,,
,,NBOS,,,,,,,,
,,NBSD,,,,,,,,
,,NBSM,,,,,,,,
,,NBTB,,,,,,,,
,,NBXG,,,,,,,,
,,NCA,,,,,,,,
,,NCDL,,,,,,,,
,,NCPB,,,,,,,,
,,NCPL,,,,,,,,
,,NCTY,,,,,,,,
,,NCV,,,,,,,,
,,NCZ,,,,,,,,
,,NDAQ,,,,,,,,
,,NDIA,,,,,,,,
,,NDIV,,,,,,,,
,,NDMO,,,,,,,,
,,NDOW,,,,,,,,
,,NDP,,,,,,,,
,,NDVG,,,,,,,,
,,NEA,,,,,,,,
,,NEAR,,,,,,,,
,,NECB,,,,,,,,
,,NERD,,,,,,,,
,,NETD,,,,,,,,
,,NETL,,,,,,,,
,,NETZ,,,,,,,,
,,NEWT,,,,,,,,
,,NEWZ,,,,,,,,
,,NFBK,,,,,,,,
,,NFJ,,,,,,,,
,,NFLP,,,,,,,,
,,NFLT,,,,,,,,
,,NFLU,,,,,,,,
,,NFLY,,,,,,,,
,,NFRA,,,,,,,,
,,NFTY,,,,,,,,
,,NFXL,,,,,,,,
,,NFXS,,,,,,,,
,,NHS,,,,,,,,
,,NIC,,,,,,,,
,,NIE,,,,,,,,
,,NIKL,,,,,,,,
,,NIM,,,,,,,,
,,NISN,,,,,,,,
,,NITE,,,,,,,,
,,NIXT,,,,,,,,
,,NJAN,,,,,,,,
,,NJNK,,,,,,,,
,,NJUL,,,,,,,,
,,NJUN,,,,,,,,
,,NKSH,,,,,,,,
,,NKX,,,,,,,,
,,NLR,,,,,,,,
,,NMAI,,,,,,,,
,,NMB,,,,,,,,
,,NMCO,,,,,,,,
,,NMFC,,,,,,,,
,,NMI,,,,,,,,
,,NMIH,,,,,,,,
,,NML,,,,,,,,
,,NMR,,,,,,,,
,,NMS,,,,,,,,
,,NMT,,,,,,,,
,,NMZ,,,,,,,,
,,NNI,,,,,,,,
,,NNY,,,,,,,,
,,NOAH,,,,,,,,
,,NOBL,,,,,,,,
,,NOCT,,,,,,,,
,,NODK,,,,,,,,
,,NOM,,,,,,,,
,,NORW,,,,,,,,
,,NOVZ,,,,,,,,
,,NPAB,,,,,,,,
,,NPCT,,,,,,,,
,,NPFD,,,,,,,,
,,NPFI,,,,,,,,
,,NPV,,,,,,,,
,,NQP,,,,,,,,
,,NRES,,,,,,,,
,,NRIM,,,,,,,,
,,NRK,,,,,,,,
,,NRO,,,,,,,,
,,NRSH,,,,,,,,
,,NSCS,,,,,,,,
,,NSEP,,,,,,,,
,,NSI,,,,,,,,
,,NSTS,,,,,,,,
,,NTB,,,,,,,,
,,NTG,,,,,,,,
,,NTRS,,,,,,,,
,,NTSE,,,,,,,,
,,NTSI,,,,,,,,
,,NTSX,,,,,,,,
,,NTZG,,,,,,,,
,,NU,,,,,,,,
,,NUAG,,,,,,,,
,,NUBD,,,,,,,,
,,NUDM,,,,,,,,
,,NUDV,,,,,,,,
,,NUEM,,,,,,,,
,,NUGO,,,,,,,,
,,NUGT,,,,,,,,
,,NUHY,,,,,,,,
,,NUKZ,,,,,,,,
,,NULC,,,,,,,,
,,NULG,,,,,,,,
,,NULV,,,,,,,,
,,NUMG,,,,,,,,
,,NUMV,,,,,,,,
,,NURE,,,,,,,,
,,NUSA,,,,,,,,
,,NUSB,,,,,,,,
,,NUSC,,,,,,,,
,,NUSI,,,,,,,,
,,NUV,,,,,,,,
,,NUW,,,,,,,,
,,NVAC,,,,,,,,
,,NVBT,,,,,,,,
,,NVBW,,,,,,,,
,,NVD,,,,,,,,
,,NVDD,,,,,,,,
,,NVDL,,,,,,,,
,,NVDQ,,,,,,,,
,,NVDS,,,,,,,,
,,NVDU,,,,,,,,
,,NVDW,,,,,,,,
,,NVDX,,,,,,,,
,,NVDY,,,,,,,,
,,NVG,,,,,,,,
,,NVIR,,,,,,,,
,,NWBI,,,,,,,,
,,NWFL,,,,,,,,
,,NWG,,,,,,,,
,,NWLG,,,,,,,,
,,NXC,,,,,,,,
,,NXG,,,,,,,,
,,NXJ,,,,,,,,
,,NXN,,,,,,,,
,,NXP,,,,,,,,
,,NXTE,,,,,,,,
,,NXTG,,,,,,,,
,,NXTI,,,,,,,,
,,NXTV,,,,,,,,
,,NYCB,,,,,,,,
,,NYF,,,,,,,,
,,NZAC,,,,,,,,
,,NZF,,,,,,,,
,,NZUS,,,,,,,,
,,OACP,,,,,,,,
,,OAEM,,,,,,,,
,,OAIM,,,,,,,,
,,OAKU,,,,,,,,
,,OALC,,,,,,,,
,,OARK,,,,,,,,
,,OASC,,,,,,,,
,,OBDC,,,,,,,,
,,OBDE,,,,,,,,
,,OBIL,,,,,,,,
,,OBK,,,,,,,,
,,OBND,,,,,,,,
,,OBOR,,,,,,,,
,,OBT,,,,,,,,
,,OCCI,,,,,,,,
,,OCEN,,,,,,,,
,,OCFC,,,,,,,,
,,OCFS,,,,,,,,
,,OCIO,,,,,,,,
,,OCSL,,,,,,,,
,,OCTA,,,,,,,,
,,OCTD,,,,,,,,
,,OCTH,,,,,,,,
,,OCTJ,,,,,,,,
,,OCTP,,,,,,,,
,,OCTQ,,,,,,,,
,,OCTT,,,,,,,,
,,OCTU,,,,,,,,
,,OCTW,,,,,,,,
,,OCTZ,,,,,,,,
,,ODDS,,,,,,,,
,,OEF,,,,,,,,
,,OEUR,,,,,,,,
,,OFG,,,,,,,,
,,OFOS,,,,,,,,
,,OFS,,,,,,,,
,,OGIG,,,,,,,,
,,OGSP,,,,,,,,
,,OIA,,,,,,,,
,,OIH,,,,,,,,
,,OILD,,,,,,,,
,,OILK,,,,,,,,
,,OILT,,,,,,,,
,,OILU,,,,,,,,
,,OMCC,,,,,,,,
,,OMF,,,,,,,,
,,OMFL,,,,,,,,
,,OMFS,,,,,,,,
,,ONB,,,,,,,,
,,OND,,,,,,,,
,,ONEO,,,,,,,,
,,ONEQ,,,,,,,,
,,ONEV,,,,,,,,
,,ONEY,,,,,,,,
,,ONIT,,,,,,,,
,,ONLN,,,,,,,,
,,ONOF,,,,,,,,
,,ONYX,,,,,,,,
,,OOSP,,,,,,,,
,,OOTO,,,,,,,,
,,OPBK,,,,,,,,
,,OPER,,,,,,,,
,,OPFI,,,,,,,,
,,OPHC,,,,,,,,
,,OPOF,,,,,,,,
,,OPP,,,,,,,,
,,OPRT,,,,,,,,
,,OPTZ,,,,,,,,
,,OPY,,,,,,,,
,,ORI,,,,,,,,
,,ORRF,,,,,,,,
,,OSBC,,,,,,,,
,,OSCV,,,,,,,,
,,OSEA,,,,,,,,
,,OUNZ,,,,,,,,
,,OUSA,,,,,,,,
,,OUSM,,,,,,,,
,,OVB,,,,,,,,
,,OVBC,,,,,,,,
,,OVF,,,,,,,,
,,OVL,,,,,,,,
,,OVLH,,,,,,,,
,,OVLY,,,,,,,,
,,OVM,,,,,,,,
,,OVS,,,,,,,,
,,OVT,,,,,,,,
,,OWL,,,,,,,,
,,OWNS,,,,,,,,
,,OXBR,,,,,,,,
,,OXLC,,,,,,,,
,,OXSQ,,,,,,,,
,,OZEM,,,,,,,,
,,OZK,,,,,,,,
,,PAAA,,,,,,,,
,,PAB,,,,,,,,
,,PABD,,,,,,,,
,,PABU,,,,,,,,
,,PAI,,,,,,,,
,,PALC,,,,,,,,
,,PALL,,,,,,,,
,,PAMC,,,,,,,,
,,PAPI,,,,,,,,
,,PAPL,,,,,,,,
,,PAPR,,,,,,,,
,,PATN,,,,,,,,
,,PAUG,,,,,,,,
,,PAVE,,,,,,,,
,,PAWZ,,,,,,,,
,,PAX,,,,,,,,
,,PAXS,,,,,,,,
,,PB,,,,,,,,
,,PBAP,,,,,,,,
,,PBAU,,,,,,,,
,,PBBK,,,,,,,,
,,PBD,,,,,,,,
,,PBDC,,,,,,,,
,,PBDE,,,,,,,,
,,PBE,,,,,,,,
,,PBFB,,,,,,,,
,,PBFR,,,,,,,,
,,PBFS,,,,,,,,
,,PBHC,,,,,,,,
,,PBJ,,,,,,,,
,,PBJL,,,,,,,,
,,PBJN,,,,,,,,
,,PBL,,,,,,,,
,,PBMR,,,,,,,,
,,PBMY,,,,,,,,
,,PBOC,,,,,,,,
,,PBP,,,,,,,,
,,PBSE,,,,,,,,
,,PBTP,,,,,,,,
,,PBUS,,,,,,,,
,,PBW,,,,,,,,
,,PCB,,,,,,,,
,,PCCE,,,,,,,,
,,PCEF,,,,,,,,
,,PCEM,,,,,,,,
,,PCF,,,,,,,,
,,PCGG,,,,,,,,
,,PCIG,,,,,,,,
,,PCK,,,,,,,,
,,PCM,,,,,,,,
,,PCN,,,,,,,,
,,PCQ,,,,,,,,
,,PCRB,,,,,,,,
,,PCSC,,,,,,,,
,,PCY,,,,,,,,
,,PDBA,,,,,,,,
,,PDBC,,,,,,,,
,,PDCC,,,,,,,,
,,PDEC,,,,,,,,
,,PDI,,,,,,,,
,,PDLB,,,,,,,,
,,PDN,,,,,,,,
,,PDO,,,,,,,,
,,PDP,,,,,,,,
,,PDT,,,,,,,,
,,PDX,,,,,,,,
,,PEBK,,,,,,,,
,,PEBO,,,,,,,,
,,PEJ,,,,,,,,
,,PEMX,,,,,,,,
,,PEO,,,,,,,,
,,PEX,,,,,,,,
,,PEXL,,,,,,,,
,,PEY,,,,,,,,
,,PEZ,,,,,,,,
,,PFBC,,,,,,,,
,,PFC,,,,,,,,
,,PFD,,,,,,,,
,,PFEB,,,,,,,,
,,PFF,,,,,,,,
,,PFFA,,,,,,,,
,,PFFD,,,,,,,,
,,PFFL,,,,,,,,
,,PFFR,,,,,,,,
,,PFFV,,,,,,,,
,,PFG,,,,,,,,
,,PFI,,,,,,,,
,,PFIG,,,,,,,,
,,PFIS,,,,,,,,
,,PFIX,,,,,,,,
,,PFL,,,,,,,,
,,PFLD,,,,,,,,
,,PFLT,,,,,,,,
,,PFM,,,,,,,,
,,PFN,,,,,,,,
,,PFO,,,,,,,,
,,PFRL,,,,,,,,
,,PFS,,,,,,,,
,,PFSI,,,,,,,,
,,PFTA,,,,,,,,
,,PFUT,,,,,,,,
,,PFX,,,,,,,,
,,PFXF,,,,,,,,
,,PGC,,,,,,,,
,,PGF,,,,,,,,
,,PGHY,,,,,,,,
,,PGJ,,,,,,,,
,,PGP,,,,,,,,
,,PGR,,,,,,,,
,,PGRO,,,,,,,,
,,PGX,,,,,,,,
,,PGZ,,,,,,,,
,,PHB,,,,,,,,
,,PHD,,,,,,,,
,,PHDG,,,,,,,,
,,PHEQ,,,,,,,,
,,PHK,,,,,,,,
,,PHO,,,,,,,,
,,PHT,,,,,,,,
,,PHYD,,,,,,,,
,,PHYL,,,,,,,,
,,PHYS,,,,,,,,
,,PHYT,,,,,,,,
,,PICB,,,,,,,,
,,PICK,,,,,,,,
,,PID,,,,,,,,
,,PIE,,,,,,,,
,,PIFI,,,,,,,,
,,PILL,,,,,,,,
,,PIM,,,,,,,,
,,PIN,,,,,,,,
,,PINK,,,,,,,,
,,PIO,,,,,,,,
,,PIPR,,,,,,,,
,,PIT,,,,,,,,
,,PIZ,,,,,,,,
,,PJAN,,,,,,,,
,,PJBF,,,,,,,,
,,PJFG,,,,,,,,
,,PJFM,,,,,,,,
,,PJFV,,,,,,,,
,,PJIO,,,,,,,,
,,PJP,,,,,,,,
,,PJT,,,,,,,,
,,PJUL,,,,,,,,
,,PJUN,,,,,,,,
,,PKB,,,,,,,,
,,PKBK,,,,,,,,
,,PKW,,,,,,,,
,,PLAO,,,,,,,,
,,PLBC,,,,,,,,
,,PLDR,,,,,,,,
,,PLMJ,,,,,,,,
,,PLMR,,,,,,,,
,,PLTM,,,,,,,,
,,PMAR,,,,,,,,
,,PMAY,,,,,,,,
,,PMBS,,,,,,,,
,,PMF,,,,,,,,
,,PMIO,,,,,,,,
,,PML,,,,,,,,
,,PMM,,,,,,,,
,,PMO,,,,,,,,
,,PMTS,,,,,,,,
,,PMX,,,,,,,,
,,PNBK,,,,,,,,
,,PNC,,,,,,,,
,,PNF,,,,,,,,
,,PNFP,,,,,,,,
,,PNI,,,,,,,,
,,PNNT,,,,,,,,
,,PNOV,,,,,,,,
,,PNQI,,,,,,,,
,,POCT,,,,,,,,
,,POLEU,,,,,,,,
,,POWA,,,,,,,,
,,PP,,,,,,,,
,,PPA,,,,,,,,
,,PPBI,,,,,,,,
,,PPEM,,,,,,,,
,,PPH,,,,,,,,
,,PPI,,,,,,,,
,,PPIE,,,,,,,,
,,PPLT,,,,,,,,
,,PPT,,,,,,,,
,,PPTY,,,,,,,,
,,PPYA,,,,,,,,
,,PQDI,,,,,,,,
,,PRA,,,,,,,,
,,PRAA,,,,,,,,
,,PRAE,,,,,,,,
,,PRAY,,,,,,,,
,,PREF,,,,,,,,
,,PRF,,,,,,,,
,,PRFD,,,,,,,,
,,PRFZ,,,,,,,,
,,PRI,,,,,,,,
,,PRK,,,,,,,,
,,PRLH,,,,,,,,
,,PRMN,,,,,,,,
,,PRN,,,,,,,,
,,PRNT,,,,,,,,
,,PROP,,,,,,,,
,,PROV,,,,,,,,
,,PRU,,,,,,,,
,,PSBD,,,,,,,,
,,PSC,,,,,,,,
,,PSCC,,,,,,,,
,,PSCD,,,,,,,,
,,PSCE,,,,,,,,
,,PSCF,,,,,,,,
,,PSCH,,,,,,,,
,,PSCI,,,,,,,,
,,PSCJ,,,,,,,,
,,PSCM,,,,,,,,
,,PSCT,,,,,,,,
,,PSCU,,,,,,,,
,,PSCW,,,,,,,,
,,PSDM,,,,,,,,
,,PSEC,,,,,,,,
,,PSEP,,,,,,,,
,,PSET,,,,,,,,
,,PSF,,,,,,,,
,,PSFD,,,,,,,,
,,PSFF,,,,,,,,
,,PSFJ,,,,,,,,
,,PSFM,,,,,,,,
,,PSFO,,,,,,,,
,,PSH,,,,,,,,
,,PSI,,,,,,,,
,,PSIL,,,,,,,,
,,PSK,,,,,,,,
,,PSL,,,,,,,,
,,PSLV,,,,,,,,
,,PSMD,,,,,,,,
,,PSMJ,,,,,,,,
,,PSMO,,,,,,,,
,,PSMR,,,,,,,,
,,PSP,,,,,,,,
,,PSQ,,,,,,,,
,,PSQA,,,,,,,,
,,PSQO,,,,,,,,
,,PSR,,,,,,,,
,,PST,,,,,,,,
,,PSTP,,,,,,,,
,,PSTR,,,,,,,,
,,PSUS,,,,,,,,
,,PSWD,,,,,,,,
,,PT,,,,,,,,
,,PTA,,,,,,,,
,,PTBD,,,,,,,,
,,PTEC,,,,,,,,
,,PTEU,,,,,,,,
,,PTF,,,,,,,,
,,PTH,,,,,,,,
,,PTIN,,,,,,,,
,,PTIR,,,,,,,,
,,PTL,,,,,,,,
,,PTLC,,,,,,,,
,,PTMC,,,,,,,,
,,PTMN,,,,,,,,
,,PTNQ,,,,,,,,
,,PTRB,,,,,,,,
,,PTY,,,,,,,,
,,PUI,,,,,,,,
,,PUK,,,,,,,,
,,PULS,,,,,,,,
,,PULT,,,,,,,,
,,PUSH,,,,,,,,
,,PUTD,,,,,,,,
,,PUTW,,,,,,,,
,,PVAL,,,,,,,,
,,PVBC,,,,,,,,
,,PVI,,,,,,,,
,,PWB,,,,,,,,
,,PWER,,,,,,,,
,,PWM,,,,,,,,
,,PWOD,,,,,,,,
,,PWP,,,,,,,,
,,PWS,,,,,,,,
,,PWUP,,,,,,,,
,,PWV,,,,,,,,
,,PWZ,,,,,,,,
,,PX,,,,,,,,
,,PXE,,,,,,,,
,,PXF,,,,,,,,
,,PXH,,,,,,,,
,,PXI,,,,,,,,
,,PXJ,,,,,,,,
,,PY,,,,,,,,
,,PYLD,,,,,,,,
,,PYN,,,,,,,,
,,PYPL,,,,,,,,
,,PYPY,,,,,,,,
,,PYZ,,,,,,,,
,,PZA,,,,,,,,
,,PZC,,,,,,,,
,,PZT,,,,,,,,
,,QABA,,,,,,,,
,,QAI,,,,,,,,
,,QARP,,,,,,,,
,,QAT,,,,,,,,
,,QBER,,,,,,,,
,,QBUF,,,,,,,,
,,QBUL,,,,,,,,
,,QCAP,,,,,,,,
,,QCJL,,,,,,,,
,,QCLN,,,,,,,,
,,QCLR,,,,,,,,
,,QCON,,,,,,,,
,,QCRH,,,,,,,,
,,QD,,,,,,,,
,,QDCC,,,,,,,,
,,QDEC,,,,,,,,
,,QDEF,,,,,,,,
,,QDF,,,,,,,,
,,QDIV,,,,,,,,
,,QDPL,,,,,,,,
,,QDTE,,,,,,,,
,,QDVO,,,,,,,,
,,QEFA,,,,,,,,
,,QEMM,,,,,,,,
,,QETA,,,,,,,,
,,QETH,,,,,,,,
,,QFIN,,,,,,,,
,,QFLR,,,,,,,,
,,QGRO,,,,,,,,
,,QGRW,,,,,,,,
,,QHDG,,,,,,,,
,,QHY,,,,,,,,
,,QID,,,,,,,,
,,QIG,,,,,,,,
,,QINT,,,,,,,,
,,QIS,,,,,,,,
,,QJUN,,,,,,,,
,,QLC,,,,,,,,
,,QLD,,,,,,,,
,,QLTA,,,,,,,,
,,QLTY,,,,,,,,
,,QLV,,,,,,,,
,,QLVD,,,,,,,,
,,QLVE,,,,,,,,
,,QMAG,,,,,,,,
,,QMAR,,,,,,,,
,,QMID,,,,,,,,
,,QMMY,,,,,,,,
,,QMOM,,,,,,,,
,,QOMO,,,,,,,,
,,QOWZ,,,,,,,,
,,QPFF,,,,,,,,
,,QPX,,,,,,,,
,,QQA,,,,,,,,
,,QQEW,,,,,,,,
,,QQH,,,,,,,,
,,QQJG,,,,,,,,
,,QQMG,,,,,,,,
,,QQQ,,,,,,,,
,,QQQA,,,,,,,,
,,QQQD,,,,,,,,
,,QQQE,,,,,,,,
,,QQQG,,,,,,,,
,,QQQI,,,,,,,,
,,QQQJ,,,,,,,,
,,QQQM,,,,,,,,
,,QQQN,,,,,,,,
,,QQQP,,,,,,,,
,,QQQS,,,,,,,,
,,QQQT,,,,,,,,
,,QQQU,,,,,,,,
,,QQQW,,,,,,,,
,,QQQX,,,,,,,,
,,QQQY,,,,,,,,
,,QQXT,,,,,,,,
,,QRFT,,,,,,,,
,,QRMI,,,,,,,,
,,QSIG,,,,,,,,
,,QSIX,,,,,,,,
,,QSML,,,,,,,,
,,QSPT,,,,,,,,
,,QSWN,,,,,,,,
,,QTAP,,,,,,,,
,,QTEC,,,,,,,,
,,QTJA,,,,,,,,
,,QTJL,,,,,,,,
,,QTOC,,,,,,,,
,,QTR,,,,,,,,
,,QTUM,,,,,,,,
,,QUAL,,,,,,,,
,,QULL,,,,,,,,
,,QUS,,,,,,,,
,,QUVU,,,,,,,,
,,QVAL,,,,,,,,
,,QVML,,,,,,,,
,,QVMM,,,,,,,,
,,QVMS,,,,,,,,
,,QVOY,,,,,,,,
,,QWLD,,,,,,,,
,,QXQ,,,,,,,,
,,QYLD,,,,,,,,
,,QYLE,,,,,,,,
,,QYLG,,,,,,,,
,,RA,,,,,,,,
,,RAAX,,,,,,,,
,,RAFE,,,,,,,,
,,RAND,,,,,,,,
,,RATE,,,,,,,,
,,RAVI,,,,,,,,
,,RAYC,,,,,,,,
,,RAYD,,,,,,,,
,,RAYE,,,,,,,,
,,RAYJ,,,,,,,,
,,RAYS,,,,,,,,
,,RBB,,,,,,,,
,,RBCAA,,,,,,,,
,,RBKB,,,,,,,,
,,RBLD,,,,,,,,
,,RBUF,,,,,,,,
,,RCFA,,,,,,,,
,,RCG,,,,,,,,
,,RCS,,,,,,,,
,,RDFI,,,,,,,,
,,RDIV,,,,,,,,
,,RDN,,,,,,,,
,,RDOG,,,,,,,,
,,RDTE,,,,,,,,
,,RDVI,,,,,,,,
,,RDVY,,,,,,,,
,,REAI,,,,,,,,
,,RECS,,,,,,,,
,,REET,,,,,,,,
,,REGL,,,,,,,,
,,REIT,,,,,,,,
,,REK,,,,,,,,
,,REKT,,,,,,,,
,,RELI,,,,,,,,
,,REM,,,,,,,,
,,REMX,,,,,,,,
,,RENE,,,,,,,,
,,RENW,,,,,,,,
,,RETL,,,,,,,,
,,REVS,,,,,,,,
,,REW,,,,,,,,
,,REZ,,,,,,,,
,,RF,,,,,,,,
,,RFAI,,,,,,,,
,,RFAIU,,,,,,,,
,,RFCI,,,,,,,,
,,RFDA,,,,,,,,
,,RFDI,,,,,,,,
,,RFEM,,,,,,,,
,,RFEU,,,,,,,,
,,RFFC,,,,,,,,
,,RFG,,,,,,,,
,,RFI,,,,,,,,
,,RFLR,,,,,,,,
,,RFM,,,,,,,,
,,RFMZ,,,,,,,,
,,RFV,,,,,,,,
,,RGA,,,,,,,,
,,RGT,,,,,,,,
,,RHCB,,,,,,,,
,,RHRX,,,,,,,,
,,RHTX,,,,,,,,
,,RIET,,,,,,,,
,,RIGS,,,,,,,,
,,RILY,,,,,,,,
,,RINC,,,,,,,,
,,RINF,,,,,,,,
,,RING,,,,,,,,
,,RIOT,,,,,,,,
,,RISN,,,,,,,,
,,RISR,,,,,,,,
,,RITA,,,,,,,,
,,RIV,,,,,,,,
,,RJF,,,,,,,,
,,RJMG,,,,,,,,
,,RKT,,,,,,,,
,,RLI,,,,,,,,
,,RLTY,,,,,,,,
,,RLY,,,,,,,,
,,RM,,,,,,,,
,,RMBI,,,,,,,,
,,RMCA,,,,,,,,
,,RMCO,,,,,,,,
,,RMI,,,,,,,,
,,RMIF,,,,,,,,
,,RMM,,,,,,,,
,,RMMZ,,,,,,,,
,,RMNY,,,,,,,,
,,RMOP,,,,,,,,
,,RMT,,,,,,,,
,,RND,,,,,,,,
,,RNEM,,,,,,,,
,,RNEW,,,,,,,,
,,RNP,,,,,,,,
,,RNR,,,,,,,,
,,RNRG,,,,,,,,
,,RNSC,,,,,,,,
,,RNST,,,,,,,,
,,RNWZ,,,,,,,,
,,ROAM,,,,,,,,
,,ROBO,,,,,,,,
,,ROBT,,,,,,,,
,,ROCL,,,,,,,,
,,RODE,,,,,,,,
,,RODM,,,,,,,,
,,ROE,,,,,,,,
,,ROKT,,,,,,,,
,,ROM,,,,,,,,
,,ROMO,,,,,,,,
,,ROOF,,,,,,,,
,,ROOT,,,,,,,,
,,RORO,,,,,,,,
,,ROSC,,,,,,,,
,,ROUS,,,,,,,,
,,RPAR,,,,,,,,
,,RPG,,,,,,,,
,,RPHS,,,,,,,,
,,RPV,,,,,,,,
,,RQI,,,,,,,,
,,RRAC,,,,,,,,
,,RRBI,,,,,,,,
,,RSBT,,,,,,,,
,,RSBY,,,,,,,,
,,RSEE,,,,,,,,
,,RSF,,,,,,,,
,,RSHO,,,,,,,,
,,RSJN,,,,,,,,
,,RSP,,,,,,,,
,,RSPA,,,,,,,,
,,RSPC,,,,,,,,
,,RSPD,,,,,,,,
,,RSPE,,,,,,,,
,,RSPF,,,,,,,,
,,RSPG,,,,,,,,
,,RSPH,,,,,,,,
,,RSPM,,,,,,,,
,,RSPN,,,,,,,,
,,RSPR,,,,,,,,
,,RSPS,,,,,,,,
,,RSPT,,,,,,,,
,,RSPU,,,,,,,,
,,RSSB,,,,,,,,
,,RSSE,,,,,,,,
,,RSSL,,,,,,,,
,,RSST,,,,,,,,
,,RSSY,,,,,,,,
,,RTAI,,,,,,,,
,,RTH,,,,,,,,
,,RTRE,,,,,,,,
,,RULE,,,,,,,,
,,RUNN,,,,,,,,
,,RVER,,,,,,,,
,,RVNU,,,,,,,,
,,RVRB,,,,,,,,
,,RVSB,,,,,,,,
,,RVT,,,,,,,,
,,RWAY,,,,,,,,
,,RWJ,,,,,,,,
,,RWK,,,,,,,,
,,RWL,,,,,,,,
,,RWM,,,,,,,,
,,RWO,,,,,,,,
,,RWR,,,,,,,,
,,RWX,,,,,,,,
,,RXD,,,,,,,,
,,RXI,,,,,,,,
,,RXL,,,,,,,,
,,RY,,,,,,,,
,,RYAN,,,,,,,,
,,RYLD,,,,,,,,
,,RYLG,,,,,,,,
,,RYSE,,,,,,,,
,,RZG,,,,,,,,
,,RZV,,,,,,,,
,,SAA,,,,,,,,
,,SABA,,,,,,,,
,,SAEF,,,,,,,,
,,SAFT,,,,,,,,
,,SAGP,,,,,,,,
,,SAMG,,,,,,,,
,,SAMM,,,,,,,,
,,SAMT,,,,,,,,
,,SAN,,,,,,,,
,,SAR,,,,,,,,
,,SARK,,,,,,,,
,,SASR,,,,,,,,
,,SATO,,,,,,,,
,,SAUG,,,,,,,,
,,SAWG,,,,,,,,
,,SAWS,,,,,,,,
,,SBB,,,,,,,,
,,SBC,,,,,,,,
,,SBCF,,,,,,,,
,,SBFG,,,,,,,,
,,SBI,,,,,,,,
,,SBIO,,,,,,,,
,,SBIT,,,,,,,,
,,SBND,,,,,,,,
,,SBSI,,,,,,,,
,,SBT,,,,,,,,
,,SBXC,,,,,,,,
,,SBXD-U,,,,,,,,
,,SCAP,,,,,,,,
,,SCC,,,,,,,,
,,SCD,,,,,,,,
,,SCDL,,,,,,,,
,,SCDS,,,,,,,,
,,SCHA,,,,,,,,
,,SCHB,,,,,,,,
,,SCHC,,,,,,,,
,,SCHD,,,,,,,,
,,SCHE,,,,,,,,
,,SCHF,,,,,,,,
,,SCHG,,,,,,,,
,,SCHH,,,,,,,,
,,SCHI,,,,,,,,
,,SCHJ,,,,,,,,
,,SCHK,,,,,,,,
,,SCHM,,,,,,,,
,,SCHO,,,,,,,,
,,SCHP,,,,,,,,
,,SCHQ,,,,,,,,
,,SCHR,,,,,,,,
,,SCHV,,,,,,,,
,,SCHW,,,,,,,,
,,SCHX,,,,,,,,
,,SCHY,,,,,,,,
,,SCHZ,,,,,,,,
,,SCIO,,,,,,,,
,,SCJ,,,,,,,,
,,SCLZ,,,,,,,,
,,SCM,,,,,,,,
,,SCMB,,,,,,,,
,,SCO,,,,,,,,
,,SCUS,,,,,,,,
,,SCYB,,,,,,,,
,,SCZ,,,,,,,,
,,SDCI,,,,,,,,
,,SDCP,,,,,,,,
,,SDD,,,,,,,,
,,SDEM,,,,,,,,
,,SDFI,,,,,,,,
,,SDG,,,,,,,,
,,SDHY,,,,,,,,
,,SDIG,,,,,,,,
,,SDIV,,,,,,,,
,,SDOG,,,,,,,,
,,SDOW,,,,,,,,
,,SDP,,,,,,,,
,,SDS,,,,,,,,
,,SDSI,,,,,,,,
,,SDVD,,,,,,,,
,,SDVY,,,,,,,,
,,SDY,,,,,,,,
,,SEA,,,,,,,,
,,SECR,,,,,,,,
,,SECT,,,,,,,,
,,SEDA,,,,,,,,
,,SEF,,,,,,,,
,,SEIC,,,,,,,,
,,SEIM,,,,,,,,
,,SEIQ,,,,,,,,
,,SEIV,,,,,,,,
,,SEIX,,,,,,,,
,,SELV,,,,,,,,
,,SEMI,,,,,,,,
,,SEPM,,,,,,,,
,,SEPP,,,,,,,,
,,SEPT,,,,,,,,
,,SEPU,,,,,,,,
,,SEPW,,,,,,,,
,,SEPZ,,,,,,,,
,,SETH,,,,,,,,
,,SETM,,,,,,,,
,,SEZL,,,,,,,,
,,SF,,,,,,,,
,,SFBC,,,,,,,,
,,SFBS,,,,,,,,
,,SFEB,,,,,,,,
,,SFLO,,,,,,,,
,,SFLR,,,,,,,,
,,SFNC,,,,,,,,
,,SFST,,,,,,,,
,,SFY,,,,,,,,
,,SFYF,,,,,,,,
,,SFYX,,,,,,,,
,,SGDJ,,,,,,,,
,,SGDM,,,,,,,,
,,SGLC,,,,,,,,
,,SGOL,,,,,,,,
,,SGOV,,,,,,,,
,,SH,,,,,,,,
,,SHAG,,,,,,,,
,,SHBI,,,,,,,,
,,SHDG,,,,,,,,
,,SHE,,,,,,,,
,,SHFS,,,,,,,,
,,SHG,,,,,,,,
,,SHLD,,,,,,,,
,,SHM,,,,,,,,
,,SHNY,,,,,,,,
,,SHOC,,,,,,,,
,,SHPP,,,,,,,,
,,SHRT,,,,,,,,
,,SHRY,,,,,,,,
,,SHUS,,,,,,,,
,,SHV,,,,,,,,
,,SHY,,,,,,,,
,,SHYD,,,,,,,,
,,SHYG,,,,,,,,
,,SHYL,,,,,,,,
,,SIEB,,,,,,,,
,,SIFI,,,,,,,,
,,SIGI,,,,,,,,
,,SIHY,,,,,,,,
,,SII,,,,,,,,
,,SIJ,,,,,,,,
,,SIL,,,,,,,,
,,SILJ,,,,,,,,
,,SIMA,,,,,,,,
,,SIMS,,,,,,,,
,,SIO,,,,,,,,
,,SIVR,,,,,,,,
,,SIXA,,,,,,,,
,,SIXD,,,,,,,,
,,SIXF,,,,,,,,
,,SIXG,,,,,,,,
,,SIXH,,,,,,,,
,,SIXJ,,,,,,,,
,,SIXL,,,,,,,,
,,SIXO,,,,,,,,
,,SIXP,,,,,,,,
,,SIXS,,,,,,,,
,,SIXZ,,,,,,,,
,,SIZE,,,,,,,,
,,SJB,,,,,,,,
,,SJCP,,,,,,,,
,,SJLD,,,,,,,,
,,SJNK,,,,,,,,
,,SKF,,,,,,,,
,,SKGR,,,,,,,,
,,SKOR,,,,,,,,
,,SKRE,,,,,,,,
,,SKWD,,,,,,,,
,,SKYU,,,,,,,,
,,SKYY,,,,,,,,
,,SLDR,,,,,,,,
,,SLF,,,,,,,,
,,SLM,,,,,,,,
,,SLNH,,,,,,,,
,,SLQD,,,,,,,,
,,SLQT,,,,,,,,
,,SLRC,,,,,,,,
,,SLV,,,,,,,,
,,SLVO,,,,,,,,
,,SLVP,,,,,,,,
,,SLX,,,,,,,,
,,SLYG,,,,,,,,
,,SLYV,,,,,,,,
,,SMAX,,,,,,,,
,,SMAY,,,,,,,,
,,SMB,,,,,,,,
,,SMBC,,,,,,,,
,,SMBK,,,,,,,,
,,SMCF,,,,,,,,
,,SMCO,,,,,,,,
,,SMCP,,,,,,,,
,,SMCX,,,,,,,,
,,SMCY,,,,,,,,
,,SMDD,,,,,,,,
,,SMDV,,,,,,,,
,,SMDY,,,,,,,,
,,SMFG,,,,,,,,
,,SMH,,,,,,,,
,,SMHB,,,,,,,,
,,SMHX,,,,,,,,
,,SMI,,,,,,,,
,,SMIG,,,,,,,,
,,SMIN,,,,,,,,
,,SMIZ,,,,,,,,
,,SMLF,,,,,,,,
,,SMLL,,,,,,,,
,,SMLV,,,,,,,,
,,SMMD,,,,,,,,
,,SMMU,,,,,,,,
,,SMMV,,,,,,,,
,,SMN,,,,,,,,
,,SMOG,,,,,,,,
,,SMOT,,,,,,,,
,,SMRI,,,,,,,,
,,SMST,,,,,,,,
,,SMTH,,,,,,,,
,,SNAV,,,,,,,,
,,SNEX,,,,,,,,
,,SNFCA,,,,,,,,
,,SNOV,,,,,,,,
,,SNOY,,,,,,,,
,,SNPD,,,,,,,,
,,SNPE,,,,,,,,
,,SNPG,,,,,,,,
,,SNPV,,,,,,,,
,,SNSR,,,,,,,,
,,SNTG,,,,,,,,
,,SNV,,,,,,,,
,,SOCL,,,,,,,,
,,SOFI,,,,,,,,
,,SOFR,,,,,,,,
,,SOLR,,,,,,,,
,,SOR,,,,,,,,
,,SOS,,,,,,,,
,,SOVF,,,,,,,,
,,SOXL,,,,,,,,
,,SOXM,,,,,,,,
,,SOXQ,,,,,,,,
,,SOXS,,,,,,,,
,,SOXW,,,,,,,,
,,SOXX,,,,,,,,
,,SOYB,,,,,,,,
,,SPAB,,,,,,,,
,,SPAM,,,,,,,,
,,SPAQ,,,,,,,,
,,SPAX,,,,,,,,
,,SPBC,,,,,,,,
,,SPBO,,,,,,,,
,,SPC,,,,,,,,
,,SPCX,,,,,,,,
,,SPD,,,,,,,,
,,SPDG,,,,,,,,
,,SPDN,,,,,,,,
,,SPDV,,,,,,,,
,,SPDW,,,,,,,,
,,SPE,,,,,,,,
,,SPEM,,,,,,,,
,,SPEU,,,,,,,,
,,SPFF,,,,,,,,
,,SPFI,,,,,,,,
,,SPGI,,,,,,,,
,,SPGM,,,,,,,,
,,SPGP,,,,,,,,
,,SPHB,,,,,,,,
,,SPHD,,,,,,,,
,,SPHQ,,,,,,,,
,,SPHY,,,,,,,,
,,SPIB,,,,,,,,
,,SPIN,,,,,,,,
,,SPIP,,,,,,,,
,,SPKL,,,,,,,,
,,SPLB,,,,,,,,
,,SPLG,,,,,,,,
,,SPLV,,,,,,,,
,,SPMB,,,,,,,,
,,SPMC,,,,,,,,
,,SPMD,,,,,,,,
,,SPMO,,,,,,,,
,,SPMV,,,,,,,,
,,SPNT,,,,,,,,
,,SPPP,,,,,,,,
,,SPQ,,,,,,,,
,,SPRE,,,,,,,,
,,SPRX,,,,,,,,
,,SPSB,,,,,,,,
,,SPSK,,,,,,,,
,,SPSM,,,,,,,,
,,SPTB,,,,,,,,
,,SPTE,,,,,,,,
,,SPTI,,,,,,,,
,,SPTL,,,,,,,,
,,SPTM,,,,,,,,
,,SPTS,,,,,,,,
,,SPUC,,,,,,,,
,,SPUS,,,,,,,,
,,SPUU,,,,,,,,
,,SPVM,,,,,,,,
,,SPVU,,,,,,,,
,,SPWO,,,,,,,,
,,SPXE,,,,,,,,
,,SPXL,,,,,,,,
,,SPXN,,,,,,,,
,,SPXS,,,,,,,,
,,SPXT,,,,,,,,
,,SPXU,,,,,,,,
,,SPXV,,,,,,,,
,,SPXX,,,,,,,,
,,SPY,,,,,,,,
,,SPYB,,,,,,,,
,,SPYC,,,,,,,,
,,SPYD,,,,,,,,
,,SPYG,,,,,,,,
,,SPYI,,,,,,,,
,,SPYM,,,,,,,,
,,SPYQ,,,,,,,,
,,SPYT,,,,,,,,
,,SPYU,,,,,,,,
,,SPYV,,,,,,,,
,,SPYX,,,,,,,,
,,SQEW,,,,,,,,
,,SQLV,,,,,,,,
,,SQQQ,,,,,,,,
,,SQY,,,,,,,,
,,SRBK,,,,,,,,
,,SRCE,,,,,,,,
,,SRET,,,,,,,,
,,SRHQ,,,,,,,,
,,SRHR,,,,,,,,
,,SRL,,,,,,,,
,,SRLN,,,,,,,,
,,SROI,,,,,,,,
,,SRS,,,,,,,,
,,SRTY,,,,,,,,
,,SRV,,,,,,,,
,,SRVR,,,,,,,,
,,SSB,,,,,,,,
,,SSBI,,,,,,,,
,,SSBK,,,,,,,,
,,SSFI,,,,,,,,
,,SSG,,,,,,,,
,,SSLY,,,,,,,,
,,SSO,,,,,,,,
,,SSPX,,,,,,,,
,,SSPY,,,,,,,,
,,SSSS,,,,,,,,
,,SSUS,,,,,,,,
,,SSXU,,,,,,,,
,,STAX,,,,,,,,
,,STBA,,,,,,,,
,,STBF,,,,,,,,
,,STC,,,,,,,,
,,STCE,,,,,,,,
,,STEL,,,,,,,,
,,STEP,,,,,,,,
,,STEW,,,,,,,,
,,STIP,,,,,,,,
,,STK,,,,,,,,
,,STNC,,,,,,,,
,,STOT,,,,,,,,
,,STPZ,,,,,,,,
,,STRV,,,,,,,,
,,STT,,,,,,,,
,,STXD,,,,,,,,
,,STXE,,,,,,,,
,,STXG,,,,,,,,
,,STXI,,,,,,,,
,,STXK,,,,,,,,
,,STXM,,,,,,,,
,,STXT,,,,,,,,
,,STXV,,,,,,,,
,,SUB,,,,,,,,
,,SUPL,,,,,,,,
,,SUPP,,,,,,,,
,,SUPV,,,,,,,,
,,SURE,,,,,,,,
,,SURI,,,,,,,,
,,SUSA,,,,,,,,
,,SUSB,,,,,,,,
,,SUSC,,,,,,,,
,,SUSL,,,,,,,,
,,SVAL,,,,,,,,
,,SVII,,,,,,,,
,,SVIX,,,,,,,,
,,SVOL,,,,,,,,
,,SVXY,,,,,,,,
,,SWAN,,,,,,,,
,,SWIN,,,,,,,,
,,SWKH,,,,,,,,
,,SWP,,,,,,,,
,,SWZ,,,,,,,,
,,SXQG,,,,,,,,
,,SXUS,,,,,,,,
,,SYBT,,,,,,,,
,,SYF,,,,,,,,
,,SYFI,,,,,,,,
,,SYLD,,,,,,,,
,,SYNB,,,,,,,,
,,SYUS,,,,,,,,
,,SZK,,,,,,,,
,,SZNE,,,,,,,,
,,TACK,,,,,,,,
,,TAFI,,,,,,,,
,,TAFL,,,,,,,,
,,TAFM,,,,,,,,
,,TAGG,,,,,,,,
,,TAGS,,,,,,,,
,,TAIL,,,,,,,,
,,TAN,,,,,,,,
,,TARK,,,,,,,,
,,TAXE,,,,,,,,
,,TAXF,,,,,,,,
,,TAXX,,,,,,,,
,,TBBK,,,,,,,,
,,TBF,,,,,,,,
,,TBFG,,,,,,,,
,,TBG,,,,,,,,
,,TBIL,,,,,,,,
,,TBJL,,,,,,,,
,,TBLD,,,,,,,,
,,TBLL,,,,,,,,
,,TBLU,,,,,,,,
,,TBMC,,,,,,,,
,,TBNK,,,,,,,,
,,TBT,,,,,,,,
,,TBUX,,,,,,,,
,,TBX,,,,,,,,
,,TCAF,,,,,,,,
,,TCBI,,,,,,,,
,,TCBK,,,,,,,,
,,TCBS,,,,,,,,
,,TCBX,,,,,,,,
,,TCHI,,,,,,,,
,,TCHP,,,,,,,,
,,TCJH,,,,,,,,
,,TCPC,,,,,,,,
,,TD,,,,,,,,
,,TDF,,,,,,,,
,,TDI,,,,,,,,
,,TDIV,,,,,,,,
,,TDSB,,,,,,,,
,,TDSC,,,,,,,,
,,TDTF,,,,,,,,
,,TDTT,,,,,,,,
,,TDV,,,,,,,,
,,TDVG,,,,,,,,
,,TDVI,,,,,,,,
,,TEAF,,,,,,,,
,,TECB,,,,,,,,
,,TECL,,,,,,,,
,,TECS,,,,,,,,
,,TECTP,,,,,,,,
,,TEI,,,,,,,,
,,TEKX,,,,,,,,
,,TEMP,,,,,,,,
,,TEQI,,,,,,,,
,,TETE,,,,,,,,
,,TFC,,,,,,,,
,,TFI,,,,,,,,
,,TFIN,,,,,,,,
,,TFJL,,,,,,,,
,,TFLO,,,,,,,,
,,TFLR,,,,,,,,
,,TFPN,,,,,,,,
,,TFSL,,,,,,,,
,,TGAA,,,,,,,,
,,TGLR,,,,,,,,
,,TGRT,,,,,,,,
,,TGRW,,,,,,,,
,,THCP,,,,,,,,
,,THD,,,,,,,,
,,THFF,,,,,,,,
,,THG,,,,,,,,
,,THIR,,,,,,,,
,,THLV,,,,,,,,
,,THNQ,,,,,,,,
,,THNR,,,,,,,,
,,THQ,,,,,,,,
,,THTA,,,,,,,,
,,THW,,,,,,,,
,,THY,,,,,,,,
,,THYF,,,,,,,,
,,TIGR,,,,,,,,
,,TILL,,,,,,,,
,,TILT,,,,,,,,
,,TIME,,,,,,,,
,,TINT,,,,,,,,
,,TINY,,,,,,,,
,,TIP,,,,,,,,
,,TIPT,,,,,,,,
,,TIPX,,,,,,,,
,,TIPZ,,,,,,,,
,,TIRX,,,,,,,,
,,TJUL,,,,,,,,
,,TLGY,,,,,,,,
,,TLH,,,,,,,,
,,TLT,,,,,,,,
,,TLTD,,,,,,,,
,,TLTE,,,,,,,,
,,TLTM,,,,,,,,
,,TLTQ,,,,,,,,
,,TLTW,,,,,,,,
,,TMAT,,,,,,,,
,,TMDV,,,,,,,,
,,TMET,,,,,,,,
,,TMF,,,,,,,,
,,TMFC,,,,,,,,
,,TMFE,,,,,,,,
,,TMFG,,,,,,,,
,,TMFM,,,,,,,,
,,TMFS,,,,,,,,
,,TMFX,,,,,,,,
,,TMP,,,,,,,,
,,TMSL,,,,,,,,
,,TMTC,,,,,,,,
,,TMV,,,,,,,,
,,TNA,,,,,,,,
,,TOAK,,,,,,,,
,,TOGA,,,,,,,,
,,TOK,,,,,,,,
,,TOKE,,,,,,,,
,,TOLL,,,,,,,,
,,TOLZ,,,,,,,,
,,TOP,,,,,,,,
,,TOTL,,,,,,,,
,,TOTR,,,,,,,,
,,TOUS,,,,,,,,
,,TOWN,,,,,,,,
,,TPG,,,,,,,,
,,TPHD,,,,,,,,
,,TPHE,,,,,,,,
,,TPIF,,,,,,,,
,,TPLC,,,,,,,,
,,TPLE,,,,,,,,
,,TPMN,,,,,,,,
,,TPOR,,,,,,,,
,,TPSC,,,,,,,,
,,TPVG,,,,,,,,
,,TPYP,,,,,,,,
,,TPZ,,,,,,,,
,,TQQQ,,,,,,,,
,,TREE,,,,,,,,
,,TRFK,,,,,,,,
,,TRFM,,,,,,,,
,,TRIN,,,,,,,,
,,TRMK,,,,,,,,
,,TRND,,,,,,,,
,,TROW,,,,,,,,
,,TRST,,,,,,,,
,,TRTY,,,,,,,,
,,TRU,,,,,,,,
,,TRUP,,,,,,,,
,,TRV,,,,,,,,
,,TSBK,,,,,,,,
,,TSDD,,,,,,,,
,,TSEC,,,,,,,,
,,TSEP,,,,,,,,
,,TSI,,,,,,,,
,,TSL,,,,,,,,
,,TSLH,,,,,,,,
,,TSLL,,,,,,,,
,,TSLP,,,,,,,,
,,TSLQ,,,,,,,,
,,TSLR,,,,,,,,
,,TSLS,,,,,,,,
,,TSLT,,,,,,,,
,,TSLW,,,,,,,,
,,TSLX,,,,,,,,
,,TSLY,,,,,,,,
,,TSLZ,,,,,,,,
,,TSME,,,,,,,,
,,TSMX,,,,,,,,
,,TSMY,,,,,,,,
,,TSMZ,,,,,,,,
,,TSPA,,,,,,,,
,,TSPY,,,,,,,,
,,TTAC,,,,,,,,
,,TTAI,,,,,,,,
,,TTP,,,,,,,,
,,TTT,,,,,,,,
,,TUA,,,,,,,,
,,TUG,,,,,,,,
,,TUGN,,,,,,,,
,,TUR,,,,,,,,
,,TURN,,,,,,,,
,,TUSI,,,,,,,,
,,TVAL,,,,,,,,
,,TW,,,,,,,,
,,TWFG,,,,,,,,
,,TWIO,,,,,,,,
,,TWM,,,,,,,,
,,TWN,,,,,,,,
,,TXS,,,,,,,,
,,TXSS,,,,,,,,
,,TY,,,,,,,,
,,TYA,,,,,,,,
,,TYD,,,,,,,,
,,TYG,,,,,,,,
,,TYLD,,,,,,,,
,,TYLG,,,,,,,,
,,TYO,,,,,,,,
,,TZA,,,,,,,,
,,UAE,,,,,,,,
,,UAPR,,,,,,,,
,,UAUG,,,,,,,,
,,UBCP,,,,,,,,
,,UBFO,,,,,,,,
,,UBND,,,,,,,,
,,UBOT,,,,,,,,
,,UBR,,,,,,,,
,,UBRL,,,,,,,,
,,UBS,,,,,,,,
,,UBSI,,,,,,,,
,,UBT,,,,,,,,
,,UCB,,,,,,,,
,,UCC,,,,,,,,
,,UCIB,,,,,,,,
,,UCO,,,,,,,,
,,UCON,,,,,,,,
,,UCRD,,,,,,,,
,,UCYB,,,,,,,,
,,UDEC,,,,,,,,
,,UDI,,,,,,,,
,,UDIV,,,,,,,,
,,UDN,,,,,,,,
,,UDOW,,,,,,,,
,,UEVM,,,,,,,,
,,UFCS,,,,,,,,
,,UFEB,,,,,,,,
,,UFIV,,,,,,,,
,,UFO,,,,,,,,
,,UGA,,,,,,,,
,,UGE,,,,,,,,
,,UGL,,,,,,,,
,,UITB,,,,,,,,
,,UIVM,,,,,,,,
,,UJAN,,,,,,,,
,,UJB,,,,,,,,
,,UJUL,,,,,,,,
,,UJUN,,,,,,,,
,,ULE,,,,,,,,
,,ULST,,,,,,,,
,,ULTY,,,,,,,,
,,ULVM,,,,,,,,
,,UMAC,,,,,,,,
,,UMAR,,,,,,,,
,,UMAY,,,,,,,,
,,UMBF,,,,,,,,
,,UMDD,,,,,,,,
,,UMI,,,,,,,,
,,UMMA,,,,,,,,
,,UNB,,,,,,,,
,,UNG,,,,,,,,
,,UNIY,,,,,,,,
,,UNL,,,,,,,,
,,UNM,,,,,,,,
,,UNOV,,,,,,,,
,,UNTY,,,,,,,,
,,UOCT,,,,,,,,
,,UPAR,,,,,,,,
,,UPGD,,,,,,,,
,,UPGR,,,,,,,,
,,UPRO,,,,,,,,
,,UPST,,,,,,,,
,,UPV,,,,,,,,
,,UPW,,,,,,,,
,,URA,,,,,,,,
,,URAA,,,,,,,,
,,URAN,,,,,,,,
,,URAX,,,,,,,,
,,URE,,,,,,,,
,,URNJ,,,,,,,,
,,URNM,,,,,,,,
,,URTH,,,,,,,,
,,URTY,,,,,,,,
,,USA,,,,,,,,
,,USAI,,,,,,,,
,,USB,,,,,,,,
,,USCA,,,,,,,,
,,USCB,,,,,,,,
,,USCF,,,,,,,,
,,USCI,,,,,,,,
,,USCL,,,,,,,,
,,USD,,,,,,,,
,,USDU,,,,,,,,
,,USDX,,,,,,,,
,,USE,,,,,,,,
,,USEP,,,,,,,,
,,USFI,,,,,,,,
,,USFR,,,,,,,,
,,USG,,,,,,,,
,,USHY,,,,,,,,
,,USIG,,,,,,,,
,,USIN,,,,,,,,
,,USL,,,,,,,,
,,USMC,,,,,,,,
,,USMF,,,,,,,,
,,USML,,,,,,,,
,,USMV,,,,,,,,
,,USNZ,,,,,,,,
,,USO,,,,,,,,
,,USOI,,,,,,,,
,,USOY,,,,,,,,
,,USPX,,,,,,,,
,,USRD,,,,,,,,
,,USRT,,,,,,,,
,,USSE,,,,,,,,
,,USSG,,,,,,,,
,,USSH,,,,,,,,
,,UST,,,,,,,,
,,USTB,,,,,,,,
,,USVM,,,,,,,,
,,USVN,,,,,,,,
,,USXF,,,,,,,,
,,UTEN,,,,,,,,
,,UTES,,,,,,,,
,,UTF,,,,,,,,
,,UTG,,,,,,,,
,,UTHY,,,,,,,,
,,UTRE,,,,,,,,
,,UTRN,,,,,,,,
,,UTSL,,,,,,,,
,,UTWO,,,,,,,,
,,UTWY,,,,,,,,
,,UUP,,,,,,,,
,,UVE,,,,,,,,
,,UVIX,,,,,,,,
,,UVSP,,,,,,,,
,,UVXY,,,,,,,,
,,UWM,,,,,,,,
,,UWMC,,,,,,,,
,,UXI,,,,,,,,
,,UYG,,,,,,,,
,,UYLD,,,,,,,,
,,UYM,,,,,,,,
,,V,,,,,,,,
,,VABK,,,,,,,,
,,VABS,,,,,,,,
,,VACH,,,,,,,,
,,VACHU,,,,,,,,
,,VALQ,,,,,,,,
,,VALU,,,,,,,,
,,VAMO,,,,,,,,
,,VAW,,,,,,,,
,,VB,,,,,,,,
,,VBF,,,,,,,,
,,VBFC,,,,,,,,
,,VBK,,,,,,,,
,,VBND,,,,,,,,
,,VBNK,,,,,,,,
,,VBR,,,,,,,,
,,VBTX,,,,,,,,
,,VCAR,,,,,,,,
,,VCEB,,,,,,,,
,,VCICU,,,,,,,,
,,VCIT,,,,,,,,
,,VCLN,,,,,,,,
,,VCLT,,,,,,,,
,,VCR,,,,,,,,
,,VCRB,,,,,,,,
,,VCSH,,,,,,,,
,,VCTR,,,,,,,,
,,VCV,,,,,,,,
,,VDC,,,,,,,,
,,VDE,,,,,,,,
,,VEA,,,,,,,,
,,VEGA,,,,,,,,
,,VEGI,,,,,,,,
,,VEGN,,,,,,,,
,,VEL,,,,,,,,
,,VEMY,,,,,,,,
,,VERS,,,,,,,,
,,VETZ,,,,,,,,
,,VEU,,,,,,,,
,,VFH,,,,,,,,
,,VFL,,,,,,,,
,,VFLO,,,,,,,,
,,VFMF,,,,,,,,
,,VFMO,,,,,,,,
,,VFMV,,,,,,,,
,,VFQY,,,,,,,,
,,VFVA,,,,,,,,
,,VGI,,,,,,,,
,,VGIT,,,,,,,,
,,VGK,,,,,,,,
,,VGLT,,,,,,,,
,,VGM,,,,,,,,
,,VGSH,,,,,,,,
,,VGSR,,,,,,,,
,,VGT,,,,,,,,
,,VHT,,,,,,,,
,,VICE,,,,,,,,
,,VIDI,,,,,,,,
,,VIG,,,,,,,,
,,VIGI,,,,,,,,
,,VINP,,,,,,,,
,,VIOG,,,,,,,,
,,VIOO,,,,,,,,
,,VIOV,,,,,,,,
,,VIRS,,,,,,,,
,,VIRT,,,,,,,,
,,VIS,,,,,,,,
,,VIXM,,,,,,,,
,,VIXY,,,,,,,,
,,VKI,,,,,,,,
,,VKQ,,,,,,,,
,,VLLU,,,,,,,,
,,VLT,,,,,,,,
,,VLU,,,,,,,,
,,VLUE,,,,,,,,
,,VLY,,,,,,,,
,,VMAX,,,,,,,,
,,VMBS,,,,,,,,
,,VMCA,,,,,,,,
,,VMO,,,,,,,,
,,VMOT,,,,,,,,
,,VNAM,,,,,,,,
,,VNLA,,,,,,,,
,,VNM,,,,,,,,
,,VNQ,,,,,,,,
,,VNQI,,,,,,,,
,,VNSE,,,,,,,,
,,VO,,,,,,,,
,,VOE,,,,,,,,
,,VONE,,,,,,,,
,,VONG,,,,,,,,
,,VONV,,,,,,,,
,,VOO,,,,,,,,
,,VOOG,,,,,,,,
,,VOOV,,,,,,,,
,,VOT,,,,,,,,
,,VOTE,,,,,,,,
,,VOX,,,,,,,,
,,VOYA,,,,,,,,
,,VPC,,,,,,,,
,,VPL,,,,,,,,
,,VPLS,,,,,,,,
,,VPU,,,,,,,,
,,VPV,,,,,,,,
,,VRAI,,,,,,,,
,,VRIG,,,,,,,,
,,VRP,,,,,,,,
,,VRTS,,,,,,,,
,,VSAC,,,,,,,,
,,VSDA,,,,,,,,
,,VSGX,,,,,,,,
,,VSHY,,,,,,,,
,,VSLU,,,,,,,,
,,VSMV,,,,,,,,
,,VSS,,,,,,,,
,,VT,,,,,,,,
,,VTC,,,,,,,,
,,VTEB,,,,,,,,
,,VTEC,,,,,,,,
,,VTEI,,,,,,,,
,,VTES,,,,,,,,
,,VTHR,,,,,,,,
,,VTI,,,,,,,,
,,VTIP,,,,,,,,
,,VTN,,,,,,,,
,,VTV,,,,,,,,
,,VTWG,,,,,,,,
,,VTWO,,,,,,,,
,,VTWV,,,,,,,,
,,VUG,,,,,,,,
,,VUSB,,,,,,,,
,,VUSE,,,,,,,,
,,VV,,,,,,,,
,,VVR,,,,,,,,
,,VWI,,,,,,,,
,,VWID,,,,,,,,
,,VWO,,,,,,,,
,,VWOB,,,,,,,,
,,VXF,,,,,,,,
,,VXUS,,,,,,,,
,,VXX,,,,,,,,
,,VXZ,,,,,,,,
,,VYM,,,,,,,,
,,VYMI,,,,,,,,
,,WABC,,,,,,,,
,,WABF,,,,,,,,
,,WAFD,,,,,,,,
,,WAL,,,,,,,,
,,WANT,,,,,,,,
,,WASH,,,,,,,,
,,WAVS,,,,,,,,
,,WBAT,,,,,,,,
,,WBIF,,,,,,,,
,,WBIG,,,,,,,,
,,WBIL,,,,,,,,
,,WBIY,,,,,,,,
,,WBND,,,,,,,,
,,WBS,,,,,,,,
,,WCBR,,,,,,,,
,,WCEO,,,,,,,,
,,WCLD,,,,,,,,
,,WD,,,,,,,,
,,WDH,,,,,,,,
,,WDI,,,,,,,,
,,WDIV,,,,,,,,
,,WDNA,,,,,,,,
,,WDTE,,,,,,,,
,,WEA,,,,,,,,
,,WEAT,,,,,,,,
,,WEBL,,,,,,,,
,,WEBS,,,,,,,,
,,WEED,,,,,,,,
,,WEEI,,,,,,,,
,,WEEL,,,,,,,,
,,WEIX,,,,,,,,
,,WEL,,,,,,,,
,,WF,,,,,,,,
,,WFC,,,,,,,,
,,WFH,,,,,,,,
,,WGMI,,,,,,,,
,,WHF,,,,,,,,
,,WHG,,,,,,,,
,,WIA,,,,,,,,
,,WINC,,,,,,,,
,,WINN,,,,,,,,
,,WINV,,,,,,,,
,,WIP,,,,,,,,
,,WISE,,,,,,,,
,,WIW,,,,,,,,
,,WLDR,,,,,,,,
,,WLTG,,,,,,,,
,,WMPN,,,,,,,,
,,WNDY,,,,,,,,
,,WNEB,,,,,,,,
,,WOMN,,,,,,,,
,,WOOD,,,,,,,,
,,WRB,,,,,,,,
,,WRLD,,,,,,,,
,,WRND,,,,,,,,
,,WSBC,,,,,,,,
,,WSBF,,,,,,,,
,,WSFS,,,,,,,,
,,WT,,,,,,,,
,,WTAI,,,,,,,,
,,WTBA,,,,,,,,
,,WTBN,,,,,,,,
,,WTFC,,,,,,,,
,,WTID,,,,,,,,
,,WTIU,,,,,,,,
,,WTM,,,,,,,,
,,WTMF,,,,,,,,
,,WTRE,,,,,,,,
,,WTV,,,,,,,,
,,WTW,,,,,,,,
,,WU,,,,,,,,
,,WUCT,,,,,,,,
,,WUGI,,,,,,,,
,,WULF,,,,,,,,
,,WUSA,,,,,,,,
,,WWJD,,,,,,,,
,,XAIX,,,,,,,,
,,XAPR,,,,,,,,
,,XAR,,,,,,,,
,,XAUG,,,,,,,,
,,XB,,,,,,,,
,,XBAP,,,,,,,,
,,XBB,,,,,,,,
,,XBI,,,,,,,,
,,XBIL,,,,,,,,
,,XBJA,,,,,,,,
,,XBJL,,,,,,,,
,,XBOC,,,,,,,,
,,XC,,,,,,,,
,,XCCC,,,,,,,,
,,XCEM,,,,,,,,
,,XCLR,,,,,,,,
,,XCNY,,,,,,,,
,,XCOR,,,,,,,,
,,XDAP,,,,,,,,
,,XDAT,,,,,,,,
,,XDEC,,,,,,,,
,,XDJA,,,,,,,,
,,XDJL,,,,,,,,
,,XDOC,,,,,,,,
,,XDQQ,,,,,,,,
,,XDSQ,,,,,,,,
,,XDTE,,,,,,,,
,,XEMD,,,,,,,,
,,XES,,,,,,,,
,,XFEB,,,,,,,,
,,XFIV,,,,,,,,
,,XFIX,,,,,,,,
,,XFLT,,,,,,,,
,,XFLX,,,,,,,,
,,XHB,,,,,,,,
,,XHE,,,,,,,,
,,XHLF,,,,,,,,
,,XHS,,,,,,,,
,,XHYC,,,,,,,,
,,XHYD,,,,,,,,
,,XHYE,,,,,,,,
,,XHYF,,,,,,,,
,,XHYH,,,,,,,,
,,XHYI,,,,,,,,
,,XHYT,,,,,,,,
,,XIAX,,,,,,,,
,,XIDE,,,,,,,,
,,XIJN,,,,,,,,
,,XIMR,,,,,,,,
,,XISE,,,,,,,,
,,XITK,,,,,,,,
,,XJAN,,,,,,,,
,,XJH,,,,,,,,
,,XJR,,,,,,,,
,,XJUL,,,,,,,,
,,XJUN,,,,,,,,
,,XLB,,,,,,,,
,,XLC,,,,,,,,
,,XLE,,,,,,,,
,,XLF,,,,,,,,
,,XLG,,,,,,,,
,,XLI,,,,,,,,
,,XLK,,,,,,,,
,,XLP,,,,,,,,
,,XLRE,,,,,,,,
,,XLSR,,,,,,,,
,,XLU,,,,,,,,
,,XLV,,,,,,,,
,,XLY,,,,,,,,
,,XMAR,,,,,,,,
,,XMAY,,,,,,,,
,,XME,,,,,,,,
,,XMHQ,,,,,,,,
,,XMLV,,,,,,,,
,,XMMO,,,,,,,,
,,XMPT,,,,,,,,
,,XMVM,,,,,,,,
,,XNAV,,,,,,,,
,,XNOV,,,,,,,,
,,XNTK,,,,,,,,
,,XOCT,,,,,,,,
,,XOMO,,,,,,,,
,,XONE,,,,,,,,
,,XOP,,,,,,,,
,,XOVR,,,,,,,,
,,XP,,,,,,,,
,,XPH,,,,,,,,
,,XPND,,,,,,,,
,,XPP,,,,,,,,
,,XRLV,,,,,,,,
,,XRLX,,,,,,,,
,,XRMI,,,,,,,,
,,XRT,,,,,,,,
,,XSD,,,,,,,,
,,XSEP,,,,,,,,
,,XSHD,,,,,,,,
,,XSHQ,,,,,,,,
,,XSLV,,,,,,,,
,,XSMO,,,,,,,,
,,XSOE,,,,,,,,
,,XSVM,,,,,,,,
,,XSVN,,,,,,,,
,,XSW,,,,,,,,
,,XT,,,,,,,,
,,XTAP,,,,,,,,
,,XTEN,,,,,,,,
,,XTJA,,,,,,,,
,,XTJL,,,,,,,,
,,XTL,,,,,,,,
,,XTN,,,,,,,,
,,XTOC,,,,,,,,
,,XTR,,,,,,,,
,,XTRE,,,,,,,,
,,XTWO,,,,,,,,
,,XTWY,,,,,,,,
,,XUSP,,,,,,,,
,,XVOL,,,,,,,,
,,XVV,,,,,,,,
,,XXCH,,,,,,,,
,,XYF,,,,,,,,
,,XYLD,,,,,,,,
,,XYLE,,,,,,,,
,,XYLG,,,,,,,,
,,YALL,,,,,,,,
,,YANG,,,,,,,,
,,YBIT,,,,,,,,
,,YBTC,,,,,,,,
,,YCL,,,,,,,,
,,YCS,,,,,,,,
,,YDEC,,,,,,,,
,,YEAR,,,,,,,,
,,YETH,,,,,,,,
,,YHNAU,,,,,,,,
,,YINN,,,,,,,,
,,YJUN,,,,,,,,
,,YLD,,,,,,,,
,,YLDE,,,,,,,,
,,YMAG,,,,,,,,
,,YMAR,,,,,,,,
,,YMAX,,,,,,,,
,,YOLO,,,,,,,,
,,YOTA,,,,,,,,
,,YQQQ,,,,,,,,
,,YRD,,,,,,,,
,,YSEP,,,,,,,,
,,YXI,,,,,,,,
,,YYY,,,,,,,,
,,ZALT,,,,,,,,
,,ZAUG,,,,,,,,
,,ZBAO,,,,,,,,
,,ZECP,,,,,,,,
,,ZHDG,,,,,,,,
,,ZIG,,,,,,,,
,,ZION,,,,,,,,
,,ZIVB,,,,,,,,
,,ZJUL,,,,,,,,
,,ZOCT,,,,,,,,
,,ZROZ,,,,,,,,
,,ZSB,,,,,,,,
,,ZSC,,,,,,,,
,,ZSEP,,,,,,,,
,,ZSL,,,,,,,,
,,ZTAX,,,,,,,,
,,ZTEN,,,,,,,,
,,ZTR,,,,,,,,
,,ZTRE,,,,,,,,
,,ZTWO,,,,,,,,
,,ZZZ,,,,,,,,
